name_en,description_en,name_ja,description_ja,name_fr,description_fr,name_it,description_it,name_de,description_de,name_es,description_es,name_pt,description_pt,name_pl,description_pl,name_ru,description_ru,name_ko,description_ko,name_zh,description_zh,name_ar,description_ar
Aptonoth,"Docile herbivores that graze in packs. Their meat is considered a delicacy and is rich in nutrients. If one member of the herd is attacked, the rest will flee immediately.",アプトノス,群れで活動する草食種のモンスター。肉は美味で 栄養価も高いため捕食対象となることも多い。 攻撃を受けたり危機を察知すると群れで逃げる。,Aptonoth,"Ces herbivores dociles sont prisés pour leur délicieuse viande riche en nutriments. Lorsque l'un d'entre eux est attaqué, c'est tout le troupeau qui s'enfuit.",Aptonoth,"Docile erbivoro che vive in branco. La sua carne è considerata prelibata e nutriente. Se un membro del branco viene attaccato, gli altri fuggiranno all'istante.",Aptonoth,"Ein sanftmütiger Pflanzenfresser, der im Rudel grast. Sein Fleisch gilt als Delika- tesse und ist nährstoffreich. Wird ein Mit- glied der Herde angegriffen, flieht der Rest.",Aptonoth,"Dóciles herbívoros que encontrarás pastando juntos. Su carne es muy nutritiva y se considera deliciosa. Si atacas a un miembro de la manada, el resto huirá inmediatamente.",Aptonote,"Herbívoros dóceis que pastam em bando. Sua carne rica em nutrientes é considerada uma iguaria. Se um for atacado, o resto fugirá.",Aptonoth,"Roślinożercy żerujący w stadach. Ich pożywne mięso jest uważane za przysmak. Zaatakuj jednego, a reszta natychmiast ucieknie.",Аптонот,"Мирные стадные травоядные с нежным, вкусным мясом. Если напасть на одного, остальные разбегаются.",아프토노스,무리지어서 활동하는 초식종. 고기가 맛있고 영양가도 높아 포식 대상이 되는 일이 잦다. 공격을 받거나 위기를 느끼면 떼지어 도망친다.,草食龍,性喜群體活動的草食種魔物。肉質鮮美， 營養價值也高，經常成為被捕食的對象。 受到攻擊或察覺危機就會群起奔逃。,أبتونوث,كائنات نباتية مطيعة ترعى معًا في قطيع. يُعد لحمها شهيًا وهو غني بالمغذيات. إذا هوجم أحد أفراد القطيع، يفر الباقون على الفور.
Jagras,"Members of the Great Jagras pack, these smaller monsters will flee upon seeing one of their own perish. They're also known for ambushing larger monsters at a moment's notice.",ジャグラス,ドスジャグラスと縄張りを共有し、数頭追い 払うと一斉に退散する性質を持つ。隙を見せた 大型モンスターに集団で襲い掛かることもある。,Jagras,"Ces monstres faisant partie de la meute du Grand Jagras ont tendance à s'attaquer à de plus grands monstres, mais prennent la fuite dès que l'un de leurs congénères périt.",Jagras,"Piccolo mostro che vive in branco assieme al Gran Jagras, tende a fuggire se un suo simile viene ucciso. È conosciuto per le sue imboscate ai mostri di dimensioni più grandi.",Jagras,"Das Rudel eines Groß-Jagras besteht aus  Exemplaren dieses kleineren Monsters. Sieht er einen der seinen sterben, flieht er. Fürchtet sich nicht vor größeren Gegnern.",Jagras,"Miembros de la manada de un Gran Jagras. Si ven morir a uno de los suyos huirán, pero también se les ha visto emboscar a monstruos grandes en cortos espacios de tiempo.",Jagras,"Membros do bando do Grande Jagras, esses monstros menores fugirão se virem um deles morrer. Também emboscam monstros maiores.",Jagras,"Mniejsze potwory ze stada Wielkiego Jagrasa. Uciekają, gdy jeden z nich zostanie zabity. Urządzają zasadzki na większe potwory.",Яграс,"Мелкие чудовища из стаи большого яграса. Разбегаются, едва завидев гибель сородича. Часто нападают из засады.",쟈그라스,도스쟈그라스와 영역을 공유하며 몇 마리를 쫓아내면 일제히 달아나는 성질이 있다. 틈을 보인 대형 몬스터를 단체로 습격하는 경우도 있다.,凶豺龍,和大凶豺龍共享地盤的魔物，擁有擊退數頭 就會全數撤退的特質。有時也會 集體襲擊露出破綻的大型魔物。,جاغراس,أعضاء قطيع جاغراس العظيم، ستفر هذه الوحوش الصغيرة عند رؤية هلاكها. تشتهر أيضًا بأسرها لوحوش أكبر بسرعة كبيرة.
Mernos,"Wingdrakes that feast on scatternuts. The flock will travel great distances when startled, making them an invaluable mode of transportation for clever hunters.",メルノス,はじけクルミなどの木の実を好んで食べる翼竜。 驚くと群れで大移動するため、上手くぶら下がる ことができれば、長距離移動の助けにもなる。,Mernos,"Des drakes ailés se nourrissant de frag-noix. Ils peuvent parcourir de grandes distances lorsqu'ils sont surpris, ce qui en fait un moyen de transport apprécié des chasseurs.",Mernos,Uno Pterowyvern che si ciba di noci scoppio. Può librarsi in aria assieme ai suoi simili e volare per grandi distanze. Questo lo rende un ottimo mezzo di trasporto per i cacciatori.,Mernos,"Dieser Flugdrache ernährt sich von Streu- nüssen. Im Schwarm legt er große Entfer- nungen zurück, was ihn zum wertvollen Transportmittel schlauer Jäger macht.",Mernos,"Dracoalados que devoran fragmenueces. Si se asustan, sus bandadas pueden llegar a desplazarse largas distancias, convirtiéndolos en transportes ideales para cazadores listos.",Mernos,"Dracoaladas que comem nozes. O bando viajará para longe quando surpreendido, tornando-as uma ótima forma de transporte.",Mernos,"Szkrzydłosmoki żywiące się trzaskorzechami. Wystraszone stado przebywa duże odległości, przez co stanowi świetny środek transportu.",Мернос,"Летающая виверна, питающаяся разрывными орехами. Преодолевает большие расстояния. Охотники используют их как транспорт.",메르노스,펑펑호두 등의 열매를 즐기는 익룡.  놀라면 무리 지어 대이동을 하므로 능숙하게  매달릴 수 있다면 장거리 이동에 도움이 된다.,行翼龍,愛吃飛散核桃之類樹果的翼龍。 受到驚嚇就會集體大移動，只要巧妙 吊在底下，就能成為長距離移動的幫手。,ميرنوس,تنانين مجنحة تتغذى على البنادق المتناثرة. يسافر السرب لمسافات كبيرة في حالة الخوف مما يجعلها وسيلة قيمة لنقل الصيادين المهرة.
Vespoid,"Insects that paralyze their targets with their long stingers. They break easily, so attack them with poison or slinger ammo if you want to carve them.",ランゴスタ,腹部に麻痺性の毒針を持つ甲虫種。素材は繊細で 壊れやすいため、スリンガーや毒を使った攻撃で 仕留めてから剥ぎ取るといいだろう。,Vespoid,"Des insectes qui paralysent leurs victimes avec leur dard. Ils sont fragiles, alors utilisez votre fronde ou du poison si vous souhaitez récupérer leurs restes.",Vespoid,"Insetti che paralizzano le vittime con un pungiglione al di sotto del loro addome. Sono molto deboli, usa quindi la fionda o del veleno per abbatterli e raccoglierne i resti.",Vespoid,"Der Vespoid ist bekannt dafür, seine Opfer mit seinem langen Stachel zu lähmen. Er zerbricht leicht, also nutze deine Schleuder oder setze Gift ein, um an seine Materialien zu kommen.",Vespoid,"Insectos que paralizan a sus objetivos con el aguijón al final de su abdomen. Debido a su fragilidad, para conseguir sus partes blandas deberás acabar con ellos con la eslinga o con veneno.",Vespoidea,"Insetos que paralisam alvos com um longos ferrões. São frágeis, então ataque-os com veneno ou munição de atiradeira.",Vespoid,"Owady paraliżujące cel swoim żądłem. Są dość delikatne, więc atak trucizną lub procą szybko się z nimi rozprawi.",Осоид,"Насекомые, парализующие жертв  своими длинными жалами. Очень  хрупкие. Охотьтесь с помощью яда или самострела.",랑고스타,복부에 마비 독침을 가진 갑충종. 소재는 섬세해서 부서지기 쉬우므로 슬링어나 독을 사용해서 끝장낸 후 갈무리하는 게 좋다.,巨蜂,腹部擁有麻痺性毒針的甲蟲種，由於素材纖細 容易損壞，用投射器或毒性攻擊解決 再進行剝取就沒問題了。,فيسبويد,حشرات تسبب الشلل لأهدافها بلدغة من إبرها الطويلة. بسبب هشاشتها، ستضطر إلى مهاجمتها بالسم أو ذخيرة نبلة المعصم.
Mosswine,"Mosswine are known for their excellent sense of smell, and are often found foraging for fungi. If you're hunting around for mushrooms, follow the Mosswine to the motherlode.",モス,優れた嗅覚で好物のキノコを探しながら徘徊する 小型のモンスター。彼らの後をついて行けば、 様々な種類のキノコが発見できるかもしれない。,Mosswine,"Le Mosswine est connu pour son odorat très développé et son appétence pour les champignons. Si vous partez à la cueillette, n'hésitez pas à le suivre.",Mosswine,"Il Mosswine è famoso per il suo olfatto sopraffino. L'alimento alla base della sua dieta sono i funghi. Se ne sei alla ricerca, segui un Mosswine e ne troverai a quintali.",Mosswine,"Der Mosswine ist für seinen exzellenten Geruchssinn bekannt, der oft zur Pilzsuche genutzt wird. Folge einem Mosswine und schlage dir den Wanst voll!",Musgorrino,"Los musgorrinos tienen un sentido del olfato muy agudo, que utilizan para encontrar setas. Si lo que estás buscando son setas, síguelos y darás con las mejores.",Musgoíno,"Musgoínos são conhecidos pelo ótimo olfato e costumam procurar fungos. Se estiver buscando cogumelos, basta seguir o Musgoíno.",Mchoświnia,"Mchoświnie są znane ze świetnego węchu. Często szukają grzybów. Jeśli interesują cię grzyby, Mchoświnie cię do nich zaprowadzą.",Мохосвин,"Мохосвины славятся исключительным обонянием и страстью к грибам. Идя за грибами, следуйте за этими существами.",모스,뛰어난 후각으로 좋아하는 버섯을 찾아 배회하는 소형 몬스터. 그들의 뒤를 따라가면 다양한 종류의 버섯을 발견할지도 모른다.,菌豬,以敏銳的嗅覺尋找喜歡的香菇 而四處遊走的小型魔物。跟在牠們後頭， 或許就能發現各種不同種類的香菇。,موسواين,تُعرف الموسواين بحاسة شم ممتازة وعادة ما يُعثر عليها تبحث عن الفطريات. إن كنت تصطاد بحثًا عن الفطر، اتبع خطى الموسواين حتى تصل إلى المنبع.
Apceros,"Herbivores that inhabit the Wildspire Waste. They've developed particularly hard hide to ward off attackers, and are known to gather in groups to defend themselves.",アプケロス,大蟻塚の荒地に棲息する草食種。捕食者から身を 守るため全身は硬い外殻で覆われている。複数で 固まり、集団で防御壁を作ることもあるようだ。,Apceros,"Ces herbivores peuplant le Désert des termites ont développé une peau très épaisse, et ont tendance à se regrouper avec leurs semblables afin de se défendre.",Apceros,"Erbivoro che abita le Guglie selvagge. Noto per aver sviluppato una pelle molto spessa e per raggrupparsi con i suoi simili, difendendosi a vicenda.",Apceros,"Dieser Pflanzenfresser lebt in der Wildturm- Ödnis und hat eine besonders dicke Haut entwickelt, um Angreifer abzuwehren. Er sucht den Schutz der Gruppe zur Verteidigung.",Apceros,"Herbívoros que habitan en el Yermo de Agujas. Han desarrollado una piel especialmente dura para mantener a los atacantes a raya, y se reúnen en grupo para defenderse.",Apceros,Herbívoros que habitam o Ermo Selvagulha. Desenvolveram um couro robusto para afastar atacantes e formam grupos para se defender.,Apceros,"Roślinożercy z Pustkowia Dzikowieży. Mają bardzo twardą skórę, która chroni przed atakami. Dla ochrony zbierają się w grupy.",Апцерос,Травоядные из Дикогорья. От врагов их защищает прочная шкура. Обычно сбиваются в стада.,아프케로스,개밋둑의 황야에 서식하는 초식종. 몸에 뒤덮인 단단한 외각은 포식자에게서 몸을 보호한다.  집단으로 뭉쳐서 방어벽을 만드는 경우도 있다.,背甲龍,棲息於大蟻塚荒地的草食種。為了保護自己 防備捕食者，全身都包覆著堅硬的外殼。 似乎也會多數聚集一起，集體豎起防禦壁。,أبكيروس,كائنات نباتية تعيش في أنقاض الهياكل الشرسة. تتميز بجلد صلب لإبعاد المعتدين، وتُعرف بأنها تتجمع في مجموعات لحماية نفسها.
Kestodon,"Female Kestodon will alert the pack of danger, while the males will violently charge would-be threats. Their rushing charges can be blocked, however, leaving them open to attacks.",ケストドン,攻撃的な雄と危機察知に長けた雌で群れを形成。 縄張りに立ち入ると硬い頭を利用した突進で攻撃 してくるが、ガードで隙を作ることも可能だ。,Kestodon,"Lorsqu'une menace se présente, les femelles Kestodon alertent la meute pendant que les males passent à l'attaque. Bloquez leurs charges pour contre-attaquer.",Kestodon,"I Kestodon maschi, allertati dalle loro compagne, si scagliano contro le possibili minacce. Le loro cariche possono però essere bloccate, lasciandoli così scoperti agli attacchi.",Kestodon,"Der weibliche Kestodon alarmiert die Herde bei Gefahr, der männliche attackiert ohne Zurückhaltung. Rennende Exemplare können jedoch geblockt und dann angegriffen werden.",Kestodon,"Las hembras de Kestodon alertan al grupo de cualquier peligro, mientras los machos cargan violentamente contra cualquier posible amenaza. Bloquea su carga y abrirás sus defensas.",Kestodonte,Fêmeas Kestodontes alertarão o bando enquanto os machos investirão nas ameaças. As investidas podem ser bloqueadas.,Kestodon,"Samice Kestodona ostrzegają stado przed zagrożeniem, a samce atakują. Ich szarże można zablokować, co daje okazję do ataku.",Кестодон,"Самки кестодонов оповещают стаю об угрозе, а самцы безжалостно расправляются с врагами. Но их натиск можно блокировать.",케스토돈,공격적인 수컷과 위기 감지가 뛰어난 암컷으로 무리를 형성. 영역에 들어서면 단단한 머리로 돌진해 오며 가드로 빈틈을 만들어낼 수 있다.,冠突龍,由負責攻擊的雄性與擅長察覺危機的雌性 形成族群。遇到侵入地盤者就會以堅硬的頭 發動突進攻擊，擋下來就會露出破綻。,كيستودون,تنذر إناث الكيستودون بقية القطيع بقدوم الخطر في حين يمثل الذكور تهديدات عنيفة متوقعة. يمكن منع شحناتهم المطلقة ويصبحون عرضة للهجوم.
Noios,"Wingdrakes that will produce a sound similar to screamer pods when startled. Use meat to get their attention, and then hunt them for materials, or use them as transportation.",ノイオス,刺激に反応しスリンガー音爆弾に匹敵する爆音を発生させる 翼竜種。肉に集まる性質を利用すれば、群れを 呼び寄せ、狩猟や移動に役立てることも可能だ。,Noios,Des drakes ailés produisant un bruit similaire aux capsules sonores lorsqu'ils sont surpris. Attirez-les avec de la viande pour les chasser ou les utiliser comme transport.,Noios,Pterowyvern che produce un suono simile a quello di un baccello urlante se infastidito. Usa della carne per attirarlo poi caccialo o usalo come mezzo di trasporto.,Noios,"Dieser Flugdrache gibt ein Geräusch von sich, das an eine Schreikapsel erinnert, wenn er über- rascht wird. Locke ihn mit Fleisch an und töte ihn für Materialien oder nutze ihn als Transport.",Noios,"Dracoalados cuyo grito al asustarles suena similar al de una cápsula chillona. Llama su atención con carne, y podrás cazarlos para materiales o usarlos como medio de transporte.",Noios,Dracoaladas que produzem um som similar às cápsulas gritantes quando alarmadas. Use carne para caçá-los por materiais ou transporte.,Noios,Wystraszone krzyczącym strąkiem wydają dźwięk podobny do wybuchu. Wab je mięsem i pozyskuj z nich materiały lub ich dosiadaj.,Ноиос,"Если их напугать, они испускают пронзительный звук подобно зернам крика. Хотите поохотиться или нужен транспорт? Приманите их мясом.",노이오스,자극에 반응해서 슬링어 음폭탄에 맞먹는 폭음 을 발생하는 익룡종. 고기를 모으는 습성을 이 용하면 사냥이나 이동에 도움을 줄 수도 있다.,響翼龍,受到刺激就會反應般發出可匹敵投射器音爆彈之 巨響的翼龍種。只要利用牠們會收集肉的特質， 就能引來群體，可對狩獵或移動有所幫助。,نويوس,وحوش مجنّحة تصدر صوتًا يشبه كبسولات الصراخ حين تفزعها. استخدم اللحم لجذب انتباهها ثم صدها للحصول على مواد أو استخدمها كوسيلة نقل.
Gajau,Vicious piscine that form groups to defend their territory from intruders. Be sure not to venture too closely to their habitat!,ガライーバ,縄張りに入ったものを群れで取り囲んで攻撃する 好戦的な魚類。棲息域付近の水辺には 不用意に近付かないようにしたい。,Gajau,Cette créature aquatique féroce se regroupe avec ses semblables pour défendre son territoire. Mieux vaut rester loin de son habitat !,Gajau,Pesce che si raggruppa con i suoi simili per difendere il proprio territorio dagli intrusi. Cerca di non invadere il suo habitat.,Gajau,"Grausamer Fischwyvern, der Eindringlinge gerne mit Gruppenhilfe vertreibt. Komm seinem Lebensraum nicht zu nahe...",Gajau,Nadadores agresivos que defienden su territorio en grupos. ¡No te acerques demasiado a donde vivan!,Gajau,Peixes cruéis que se agrupam para defender o território contra invasores. Não chegue perto demais do habitat deles!,Gajau,Groźny rybi potwór zbierający się w grupy dla obrony terytorium przed intruzami. Nie zbliżaj się do ich siedliska!,Гаджау,"Хищные рыбы, сбивающиеся в косяки, чтобы защищать свою территорию. Держитесь подальше от их владений!",가쟈우,영역에 들어오면 무리 지어 포위한 후 공격하는 호전적인 어류 몬스터. 서식 영역 근처 물가에는 무심코 다가가지 않는 편이 좋다.,咬魚,好戰的魚類一發現侵入地盤者， 就會群起圍攻的。最好不要隨意接近 棲息區域附近的水源。,غاجاو,كائنات مائية خطيرة تشكل مجموعات للدفاع عن أرضها من الدخلاء. احذر من مغامرة الاقتراب من موطنها!
Kelbi,Small herbivores known for their gentle demeanor and the medicinal properties of their horns. Those wishing to harvest a horn should aim for the head when attacking them.,ケルビ,穏和な性格の小型草食獣。角は万病を治す薬の 原料として知られており、入手したい場合は 頭部を狙って攻撃するのが良いだろう。,Kelbi,Ces petits herbivores ont un comportement docile et sont prisés pour leurs cornes aux propriétés médicinales. Il est conseillé à ceux qui veulent en obtenir de viser la tête.,Kelbi,Piccolo erbivoro noto per il comportamento mite e per le proprietà mediche delle sue corna. A chi desiderasse ottenere un corno è consigliato mirare alla testa.,Kelbi,"Ein kleiner Pflanzenfresser, bekannt für seinen Sanftmut und die medizinischen Eigenschaften seiner Hörner. Bist du auch auf sie aus, greife vor allem den Kopf an.",Kelbi,Pequeños herbívoros de carácter afable y un cuerno con propiedades medicinales. Para poder cortar su cuerno es necesario aturdirlos primero con un golpe en la cabeza.,Kelbi,"Herbívoros pequenos de temperamento gentil, conhecidos pelo uso medicinal dos chifres. Mire na cabeça para extrair o chifre.",Kelbi,"Mali roślinożercy znani z łagodności i właściwości leczniczych ich rogów. Ci, którzy chcą zdobyć róg, powinni skupiać ataki na głowie.",Келби,"Маленькие травоядные, славящиеся кротким нравом и целебными свойствами рогов. Чтобы добыть рога, цельтесь в голову.",켈비,온화한 성격의 소형 초식동물. 뿔은 만병을  치료하는 약의 재료라고 알려졌으며 입수하고 싶을 땐 머리를 노려서 공격하는 편이 좋다.,精靈鹿,個性溫和的小型草食獸。角是廣為人知的 治百病原料。想要獲取的話， 只要瞄準頭部攻擊就行了。,كيلبي,كائنات نباتية صغيرة تُعرف بسلوكها الرقيق وخصائص قرونها الطبية. من يرغب في الحصول على قرن، عليه أن يصوب نحو الرأس أثناء الهجوم.
Raphinos,"Wingdrakes inhabiting the Coral Highlands. They group up to steal the eggs of other animals, but this in turn exposes them to the attention of larger, more vicious predators.",ラフィノス,陸珊瑚の台地に棲息する翼竜種。陸珊瑚の卵を 主食とし群れで活動するが、それを狙い捕食者の 大型モンスターが姿を現わすこともあるようだ。,Raphinos,Des drakes ailés peuplant le Plateau de corail et se regroupant pour voler les œufs d'autres animaux. Ils attirent l'attention de prédateurs encore plus féroces.,Raphinos,"Uno Pterowyvern che abita gli Altipiani corallini. Si raggruppa con i suoi simili per rubare le uova degli altri animali, ma in questo modo si espone a predatori molto più pericolosi.",Raphinos,"Ein Flugdrache aus dem Korallenhochland. Im Gruppenverbund stiehlt er die Eier von anderen Tieren, was die Aufmerksamkeit von größeren Monstern erregt.",Raphinos,"Dracoalados que viven en los Altiplanos Coralinos. Les gusta robar los huevos de otros animales, pero al hacerlo se hacen vulnerables a los depredadores más grandes.",Raphinos,"Dracoaladas que habitam os Planaltos e se agrupam para roubar ovos, o que as expõe a predadores maiores e mais cruéis.",Raphinos,"Skrzydłosmoki z Pogórza Koralowego. Stadnie kradną jaja innych zwierząt, ale to wystawia je na ataki większych drapieżników.",Рафинос,"Летающие виверны с Кораллового нагорья. Стаями воруют яйца других животных, но часто сами становятся жертвами хищников.",라피노스,육산호의 대지에 서식하는 익룡종. 육산호의 알을 주식으로 무리지어 활동하나 그걸 노려서 포식자인 대형 몬스터가 나타나기도 한다.,芳翼龍,棲息於陸珊瑚台地的翼龍種。以陸珊瑚的卵 為主食，性喜群體活動。有時以牠們為目標的 捕食者大型魔物也會跟著現身。,رافينوس,تنانين مجنحة تعيش في المرتفعات المرجانية. تتجمع لسرقة البيض من حيوانات أخرى، ولكن هذا يلفت انتباه مفترسين أكبر منها.
Shamos,"Small nocturnal monsters. They're particularly vulnerable to Tzitzi-Ya-Ku's blinding flash, but have been known to gang up on enemies.",シャムオス,暗闇を好み、夜になると活動域を広げる小型の モンスター。ツィツィヤックの閃光を苦手とし、 群れを成して敵対する姿も目撃されている。,Shamos,"Petits monstres nocturnes particulièrement vulnérables aux flashs aveuglants du Tzitzi-Ya-Ku, ils ont tendance à attaquer leurs ennemis en groupe.",Shamos,Piccolo mostro notturno. È particolarmente vulnerabile ai lampi accecanti dello Tzitzi-Ya-Ku ma ha la tendenza di attaccare le minacce in gruppo.,Shamos,"Ein kleines, nachtaktives Monster, das besonders anfällig für den Blitz des Tzitzi- Ya-Ku ist. Wie so viele andere kleine Kreaturen fühlt er sich in der Gruppe stark.",Shamos,"Pequeños monstruos nocturnos. Son especialmente vulnerables a los fogonazos cegadores del Tzitzi-Ya-Ku, pero si se juntan en un buen grupo pueden ser una amenaza.",Shamos,"Pequenos monstros noturnos. São bastante vulneráveis ao clarão do Tzitzi-Ya-Ku, mas costumam se juntar contra inimigos.",Shamos,Małe potwory nocne. Szczególnie podatne na oślepiający błysk Tzitzi-Ya-Ku. Potrafią grupowo atakować wrogów.,Шамос,"Небольшие ночные чудовища, уязвимые к ослепляющему удару цици-йа-ку. Сбиваются в стаи для защиты от врагов.",샤무오스,어둠을 좋아해 밤이 되면 활동 영역을 넓히는  소형 몬스터. 치치야크의 섬광을 싫어해서 무리를 형성하여 대적하는 모습도 목격된다.,貓蜥龍,性喜黑暗，一到晚上活動區域 就變大的小型魔物。害怕眩鳥的閃光， 曾經被目擊到成群敵對的模樣。,شاموس,وحوش ليلية صغيرة. وهي عرضة لوميض تسيتسي-يا-كو المسبب للعمى، ولكنها تشتهر باتحادها ضد الأعداء.
Girros,"Monsters that are known to attack in packs, using the deadly vapor of the Rotten Vale to their advantage. They're known for crippling targets with their paralyzing fangs.",ギルオス,瘴気の谷に棲むモンスター。牙に麻痺毒を持ち、 群れで活動するが、瘴気に侵され攻撃性を増した 個体も多いため取り囲まれないよう注意したい。,Girros,"Ces monstres attaquant en meute, utilisent les vapeurs mortelles du Val putride à leur avantage et neutralisent leurs ennemis avec leurs griffes paralysantes.",Girros,Mostro noto per attaccare in branco. Sfrutta i miasmi mortali della Valle putrefatta ed è famoso per inabilitare i nemici con le sue zanne paralizzanti.,Girros,"Ein weiteres Rudelmonster, allerdings nutzt dieses hier das tödliche Miasma im Tal der Verwesung zu seinem Vorteil. Feinde werden mit lähmenden Fangzähnen ausgeschaltet.",Girros,Monstruos que atacan en grupo utilizando a su favor los gases letales del Valle Putrefacto. También son capaces de mutilar a sus víctimas con sus colmillos paralizantes.,Girros,Monstros que atacam em bando usando o vapor mortal do Vale como vantagem. Costumam mutilar alvos com suas presas paralisantes.,Girros,Potwory atakujące stadnie i wykorzystujące opary Gnijącej Doliny. Unieruchamiają ofiary paraliżującymi kłami.,Гиррос,"Чудовища, атакующие стаей, выскакивая из защищающего их ядовитого тумана Гнилой долины. Их яд парализует жертву.",기르오스,독기의 골짜기에 사는 몬스터. 마비 독이 있고 무리 지어 활동하며 독기에 잠식당해 공격성이 늘어난 개체도 많으니 포위당하지 않도록 주의.,凶顎龍,棲息於瘴氣之谷的魔物。牙齒帶有麻痺毒。 性喜群體活動，受到瘴氣侵蝕，許多個體 攻擊性大增，最好留意別被圍上。,غيروس,وحوش تُعرف بمهاجمتها في قطيع باستغلال الغبار القاتل في الوادي المتعفن. تُعرف بتعجيزها لأهدافها من خلال أنيابها المسببة للشلل.
Hornetaur,Small insects that are found primarily on land. They're highly territorial and will attack anything that approaches them. Gather their materials by attacking them with the slinger.,カンタロス,地表で活動する小型の甲虫種。近寄ると外敵から 身を守ろうと攻撃してくる。素材が必要な場合は 甲殻が砕けにくいスリンガーでの攻撃が有効だ。,Hornetaur,Ces petits insectes extrêmement territoriaux attaquent tout ce qui les approche. Il est nécessaire de les attaquer avec la fronde pour obtenir des matériaux.,Hornetaur,"Piccoli insetti che si trovano di solito sul terreno. Sono estremamente territoriali e attaccano qualsiasi essere gli si avvicini. Se vuoi ottenere del materiale da loro, attaccali con la fionda.",Hornetaur,"Ein kleines Insekt, das bevorzugt an Land gefunden wird. Es greift jeden an, der ihm zu nahe kommt. Sammle seine Materialien, indem du ihn mit der Schleuder angreifst.",Hornetaur,Insectos pequeños sobre todo terrestres. Son muy territoriales y atacan a cualquier cosa que se acerque. Obtén sus materiales atacándoles con la eslinga.,Chifrotauro,Insetos pequenos encontrados em terra. São territoriais e atacam tudo que se aproxima. Use a atiradeira neles para obter materiais.,Hornetaur,"Owady spotykane głównie na lądzie. Bardzo terytorialne, atakują wszystko w pobliżu. Atakuj je procą, by zdobyć materiały.",Роготавр,"Небольшие насекомые, обычно попадаются на земле. Территориальны и атакуют любого, кто приблизится. Используйте самострел.",칸타로스,지표에서 활동하는 소형 갑충종. 적이 접근하면 몸을 지키기 위해 공격한다. 소재가 필요하다면 갑각을 훼손시키지 않는 슬링어로 공격할 것.,巨甲蟲,在地表活動的小型甲蟲種。一靠近就會 攻擊外來敵人以保護自身。需要素材的話， 以容易擊碎甲殼的投射器進行攻擊才有效。,هورنتور,حشرات صغيرة يُعثر عليها على الأرض في الأساس. وهي كائنات أرضية تهاجم ما يقترب منها. اجمع موادها عن طريق مهاجمتها بنبلة المعصم.
Gastodon,"Pack monsters that inhabit the Elder's Recess. They are easily angered by intruders, and will charge at monsters twice their size.",ガストドン,龍結晶の地に群れで棲息するモンスター。縄張り に侵入されると威嚇からやがて怒り状態となり、 大型モンスターにも突進攻撃を仕掛けるようだ。,Gastodon,"Monstres de meute peuplant la Terre des anciens. Ne tolérant pas les intrus, ils peuvent attaquer des monstres faisant deux fois leur taille.",Gastodon,Mostro che abita la Landa dei cristalli. Si infastidisce facilmente quando ci sono degli intrusi e tende a caricare i mostri più grandi.,Gastodon,Das Rudelmonster in der Heimat der Ältesten reagiert gereizt auf Eindringlinge und greift Monster von doppelter Größe an.,Gastodon,"Monstruos de instintos grupales que habitan en el Lecho de los Ancianos. Pueden alterarse fácilmente ante los intrusos, y cargan contra monstruos el doble de grandes que ellos.",Gastodonte,Monstros em bando que habitam a Fenda do Ancião. Irritam-se facilmente com intrusos e atacam monstros com o dobro do tamanho.,Gastodon,"Stadne potwory z Zacisza Starszych. Rozjusza je widok intruzów, potrafią szarżować na potwory dwa razy większe od siebie.",Гастодон,"Стайные чудовища из Убежища Древнего. Терпеть не могут гостей и атакуют даже тех, кто в два раза крупнее.",가스토돈,용결정의 땅에 무리지어 서식하는 몬스터. 영역이 침입당한다면 즉시 분노 상태가 되어 대형 몬스터일지라도 돌진하여 공격해온다.,突擊龍,成群棲息於龍結晶之地的魔物。遇到侵入地盤者 就會進行威嚇甚至進入憤怒狀態， 即使面對大型魔物也會發動突進攻擊。,غاستودون,قطيع من الوحوش يعيش في مخبأ التنين المعمِّر. يغضبها الدخلاء وتستطيع الانقضاض على وحوش ضعف حجمها.
Barnos,"Fervid wingdrakes that have flourished under harsh living conditions. They target intruders with a unique acidic agent, and then attack as a swarm.",バルノス,過酷な環境下に棲息する凶暴な翼竜種。縄張りに 近付くものは大型モンスターであろうと特殊な 酸を吐きかけて弱らせ、集団で襲い掛かる。,Barnos,Ces drakes ailés ayant grandi dans des conditions extrêmes s'en prennent aux intrus avec un agent acide pour ensuite les attaquer en groupe.,Barnos,Pterowyvern cresciuto in condizioni ambientali estreme. Attacca gli intrusi con un agente acido per poi attaccare in gruppo.,Barnos,"Ein feuriger Flugdrache, für den die Lebens- bedingungen nicht harsch genug sein können. Eindringlinge werden im Gruppenverbund mit einer Art Säure angegriffen.",Barnos,"Dracoalados muy insistentes que han prosperado en condiciones muy adversas. Atacan a intrusos con un ácido único, para a continuación atacar en grandes masas.",Barnos,Dracoaladas fervorosas que prosperaram em condições adversas. Miram em intrusos com um agente acidífero e atacam em bando.,Barnos,"Energiczne skrzydłosmoki żyjące w surowych warunkach. Plują w intruzów kwasem, po czym atakują stadnie.",Барнос,"Яростные виверны, выживающие в особо суровых условиях. Незваных гостей атакуют уникальной кислотой и набрасываются стаей.",바르노스,가혹한 환경에서 서식하는 난폭한 익룡종. 영역에 접근하면 대형 몬스터일지라도 특수한 산을 뱉어내서 약화시킨 후 집단으로 덮친다.,酸翼龍,棲息於殘酷環境下的兇爆翼龍種。即使侵入地盤的 是大型魔物，也會潑吐特殊的酸液削弱對方， 再集體加以襲擊。,بارنوس,تنانين مجنحة متوهجة ازدهرت في ظروف معيشية صعبة. تستهدف الدخلاء بحمض مميز ثم تهاجم في سرب.
Great Jagras,"The pack leader of the Jagras. When hungry, Great Jagras are known to attack monsters even stronger than themselves. It balloons to unbelievable proportions after swallowing prey.",ドスジャグラス,ジャグラスの群れを率いるリーダー。食欲旺盛で 空腹時には格上の相手にも容赦なく襲い掛かる。 仕留めた獲物を丸飲みにしてしまう様は圧巻。,Grand Jagras,"Leader de meute des Jagras, le Grand Jagras se frotte à n'importe quoi lorsqu'il est en colère. Son corps gonfle quand il avale une proie.",Gran Jagras,"Il capo branco dei Jagras. Quando affamato, il Gran Jagras è noto per attaccare anche mostri più forti di lui. Il suo corpo cresce a dismisura dopo aver ingoiato la sua preda.",Groß-Jagras,"Der Groß-Jagras ist der Rudelanführer der Jagras. Ist er hungrig, greift er auch Monster an, die stärker sind als er. Hat er Beute im Bauch, schwillt dieser unglaublich an.",Gran Jagras,"El líder de una manada de Jagras. Son muy voraces: los Grandes Jagras hambrientos atacan a monstruos más fuertes que ellos, y cuando tienen el estómago lleno este puede hincharse hasta alcanzar un gran tamaño.",Grande Jagras,"O líder dos Jagras. Quando faminto, o Grande Jagras ataca até monstros mais fortes. Incha de forma inacreditável ao engolir a presa.",Wielki Jagras,Przywódca stada Jagrasów. Głodny potrafi atakować nawet potwory silniejsze od siebie. Po połknięciu ofiary ogromnie pęcznieje.,Большой яграс,"Вожаки стай яграсов. Когда голодны, нападают даже на чудовищ значительно сильнее себя.",도스쟈그라스,"쟈그라스의 무리를 통솔하는 리더. 식욕이 왕성해, 배가 고프면 강한 상대라도 가차없이  덮친다. 사냥감을 한입에 먹는 모습이 압권.",大凶豺龍,率領凶豺龍族群的領袖。食慾旺盛， 飢餓時甚至會無所畏懼地襲擊更強的對象。 將解決的獵物整頭吞下的模樣十分驚人。,جاغراس العظيم,قائد قطيع الجاغراس. حين يكون جائعًا، يهاجم الجاغراس العظيم وحوش أقوى منه. ينتفخ حجمه كالبالون عقب ابتلاع ضحية.
Kulu-Ya-Ku,An odd bird wyvern that has developed limbs capable of carrying weapons. It's been spotted stealing eggs from nests found in the Ancient Forest and Wildspire Waste.,クルルヤック,発達した前脚で物を持つことを得意とする鳥竜。 古代樹の森や大蟻塚の荒地等からモンスターの 卵を盗んで持ち帰る姿が頻繁に目撃されている。,Kulu-Ya-Ku,Une curieuse wyverne rapace dont les membres antérieurs lui permettent d'attraper des objets. On la voit souvent voler des œufs d'autres monstres dans la Forêt ancienne et le Désert des termites.,Kulu-Ya-Ku,Un curioso wyvern rapace che ha sviluppato degli arti che gli consentono di trasportare oggetti.  È stato avvistato mentre rubava delle uova da alcuni nidi nella Foresta antica e nelle Guglie selvagge.,Kulu-Ya-Ku,"Ein seltsamer Vogelwyvern, der Extremitäten entwickelt hat, die Waffen tragen können. Er wurde beim Klauen von Eiern im Uralten Wald und der Wildturm-Ödnis beobachtet.",Kulu-Ya-Ku,Unos extraños wyvern pájaro que han desarrollado extremidades con las que pueden usar armas. Se les ha visto robando huevos de nidos en el Bosque Primigenio y el Yermo de Agujas.,Kulu-Ya-Ku,Serpássaro estranho que desenvolveu membros capazes de carregar armas. Rouba ovos de ninhos na Floresta e no Ermo Selvagulha.,Kulu-Ya-Ku,"Dziwna wiwerna ptasia z kończynami, którymi chwyta broń. Kradnie jaja z gniazd w Starodrzewie i na Pustkowiu Dzikowieży.",Кулу-йа-ку,"Странная пернатая виверна, способная использовать оружие. Ворует яйца гнезд Древнего леса и Дикогорья.",쿠루루야크,발달한 앞다리로 물체를 잡는 게 특기인 조룡. 고대수의 숲이나 개밋둑의 황야 등에서 몬스터의 알을 훔쳐가는 모습이 자주 목격되고 있다.,搔鳥,擅長以發達的前腳抓住物體的鳥龍。 曾被頻繁目擊到牠從古代樹森林及大蟻塚荒地等地 偷竊帶走其他魔物的蛋。,كولو-يا-كو,تنين مجنح شبيه بالطيور لديه أطراف قادرة على حمل أسلحة. رُصد يسرق البيض من الأعشاش التي وُجدت في الغابة العتيقة وأنقاض الهياكل الشرسة.
Pukei-Pukei,"A bird wyvern known to possess poisonous toxins in its body. It's been spotted storing scatternuts in its mouth or tail, coating them with poison and spitting them out at threats.",プケプケ,体内に毒液を持つ鳥竜種。はじけクルミなどの 植物を食べて口内や尾に溜め込む性質を持ち、 毒液と混ぜることで強力な毒ブレスを放つ。,Pukei-Pukei,"Une wyverne rapace dont le corps renferme des toxines vénéneuses. Elle stocke parfois des frag-noix dans sa bouche ou sa queue, qu'elle recouvre de poison et crache à ses ennemis.",Pukei-Pukei,Un wyvern rapace noto per la tossina velenosa presente nel suo corpo. Ricopre con il suo veleno le noci scoppio che accumula nella bocca o nella coda per poi sputarle contro i suoi nemici.,Pukei-Pukei,"Der Körper dieses Vogelwyvern ist voller giftiger Stoffe. Zeugen zufolge verstaut er Streunüsse in seinem Maul oder Schwanz, beschichtet sie mit Gift und spuckt sie dann auf Feinde.",Pukei-Pukei,"Wyvern pájaro conocido por las toxinas venenosas de su cuerpo. A menudo almacena fragmenueces en la boca o en la cola, lo que las cubre de veneno y las hace útiles como proyectiles contra cualquier amenaza.",Pukei-Pukei,Serpássaro com toxinas venenosas no corpo. Pode guardar nozes de dispersão na boca ou cauda e cuspi-las com veneno em ameaças.,Pukei-Pukei,"Wiwerna ptasia wytwarzająca w ciele toksyny. Zauważono, że pokrywa trucizną trzaskorzechy i pluje nimi we wrogów.",Поки-поки,"Пернатая виверна, чьи органы содержат яд. Она вымачивает в нем разрывные орехи, которыми стреляет по врагам.",푸케푸케,체내에 독액을 가진 조룡종. 펑펑호두 등의 식물을 먹어 입안이나 꼬리에 축적하는 성질이 있으며 독액이 섞인 강력한 독브레스를 뿜는다.,毒妖鳥,體內有毒液的鳥龍種。會吞吃飛散核桃 之類的植物蓄積在嘴裡或尾巴， 再混合毒液噴出強力的劇毒吐息。,بوكي-بوكي,تنين مجنح شبيه بالطيور يُعرف بامتلاكه سم في جسده. رُصد وهو يخزن بندق متناثر في فمه أو ذيله ويغطيه بالسم ثم يبصقه على أي تهديد.
Barroth,"Barroth seek out ants, their favorite snack, and mark their territory with mud. They attack potential rivals with their devastating charging attack.",ボルボロス,好物の蟻を求め、泥で縄張りをマーキングしつつ 巡回しているモンスター。相手が誰であろうと、 縄張りを荒らす者には得意の突進で襲い掛かる。,Barroth,Le Barroth se nourrit de fourmis et marque son territoire avec de la boue. Ses rivaux doivent faire face à ses puissantes charges.,Barroth,"Il Barroth si nutre di formiche e marca il proprio territorio con il fango. Quando si sente in pericolo, è pronto a travolgere ogni minaccia con la sua potente carica.",Barroth,"Der Barroth sucht ständig nach Ameisen, seinem Lieblingssnack, und markiert sein Territorium mit Schlamm. Kontrahenten erwarten anstürmende Angriffe.",Barroth,"Los Barroth pasan gran parte de su tiempo buscando hormigas, su alimento principal, y marcando su territorio con barro. Si se enfrentan a un enemigo, su seña de identidad es una carga muy poderosa.",Barroth,"O Barroth procura formigas, seu lanche favorito, e marca território com lama. Usa um ataque de investida contra rivais.",Barroth,"Barroth szuka mrówek, swojej ulubionej przekąski, i znaczy terytorium błotem. Atakuje rywali potężną szarżą.",Баррот,Барроты обожают муравьев и в их поисках рыхлят грязь. Потенциальных врагов пытаются затоптать с разгона.,볼보로스,맛있는 개미를 찾아 진흙에서 영역을 마킹하며 돌아다니고 있는 몬스터. 상대가 누구더라도 세력을 어지럽히면 특기인 돌진으로 덮쳐온다.,土砂龍,喜食螞蟻，會以泥巴標記地盤及 來回巡邏的魔物。不論遇到什麼對手， 都會以擅長的突進來襲擊在地盤上的擾亂者。,باروث,يبحث الباروث عن النمل، وجبته المفضلة ويرسم حدود أرضه بالوحل. يهاجم الخصوم المحتملة بهجمته المشحونة المدمرة.
Jyuratodus,"A large piscine wyvern that inhabits the swamps of the Wildspire Waste. It uses mud to capture prey, and it's known to battle Barroth over territory.",ジュラトドス,大蟻塚の荒地にある沼地に棲息する大型魚竜。 泥を利用して獲物を捕らえたり身を守っており 縄張りを巡ってボルボロスと争うこともある。,Jyuratodus,"Wyverne aquatique vivant dans les marécages du Désert des termites, le Jyuratodus utilise la boue pour capturer ses proies. Il est connu pour se disputer le territoire avec le Barroth.",Jyuratodus,Un grande wyvern acquatico che abita le paludi delle Guglie selvagge. Usa il fango per catturare le sue prede ed è noto per rivaleggiare con il Barroth per il controllo del territorio.,Jyuratodus,"Dieser große Fischwyvern lebt in den Sümpfen der Wildturm-Ödnis. Er nutzt Schlamm, um Beute zu fangen und führt Gebietskämpfe mit den Barroth.",Jyuratodus,"Un gran wyvern nadador que habita en los pantanos del Yermo de Agujas. Se ayuda del barro para capturar a sus presas, y a veces se le puede ver peleando por su territorio con Barroth.",Jyuratodus,Uma hidroserpe que habita os pântanos do Ermo Selvagulha. Usa lama para capturar presas e enfrenta Barroth por território.,Jyuratodus,Duża wiwerna rybia z bagien Pustkowia Dzikowieży. Łapie ofiary przy użyciu błota. Walczy z Barrothami o terytorium.,Юратод,Ихтиовиверна болот Дикогорья. Ловит добычу в грязи и враждует за территорию с барротом.,쥬라토도스,개밋둑의 황야의 늪지에 서식하는 대형 어룡. 진흙을 이용해 사냥감을 잡거나 몸을 보호한다. 영역을 둘러싸고 볼보로스와 다툴 때도 있다.,泥魚龍,在大蟻塚荒地的沼澤棲息的大型魚龍。 會利用泥濘捕捉獵物以及保護自己。 也曾經和土砂龍爭奪地盤。,جيوراتودوس,تنين مجنح سباح يعيش في مستنقعات أنقاض الهياكل الشرسة. يستخدم الوحل لأسر الضحية ويشتهر بقتال الباروث نزاعًا على الأرض.
Tobi-Kadachi,A fanged wyvern that flies among the trees of the Ancient Forest. Its penchant to brush against the ground and the trees as it moves around builds up static electricity within its fur.,トビカガチ,樹上に棲息し木々を飛び回って活動する牙竜種。 木や地面に身体を擦りつけながら移動することで 体毛に静電気を溜め込む性質を持つようだ。,Tobi-Kadachi,Une wyverne à crocs qui aime voler dans la Forêt ancienne. Il emmagasine de l'électricité statique en se frottant contre les arbres ou le sol lorsqu'il se déplace.,Tobi-Kadachi,Un wyvern zannuto che volteggia tra gli alberi nella Foresta antica. È in grado di generare elettricità statica quando il suo pelo viene a contatto con il terreno e la vegetazione.,Tobi-Kadachi,"Dieser Reißzahn-Wyvern fliegt zwischen den Wipfeln des Uralten Waldes. Er ist bekannt dafür, den Boden und Bäume zu streifen, um statische Elektrizität im Fell aufzubauen.",Tobi-Kadachi,Wyvern de grandes colmillos que vuela entre los árboles del Bosque Primigenio. Es capaz de utilizar a su favor la electricidad estática que acumula al frotarse con los árboles mientras se mueve.,Tobi-Kadachi,Serpe de presa que voa entre as árvores da Floresta. Passar do chão para a árvore gera eletricidade estática em seu pelo.,Tobi-Kadachi,"Wiwerna kłowa latająca między drzewami Starodrzewu. Ociera się w ruchu o ziemię i drzewa, elektryzując swoje futro.",Тоби-кадачи,"Клыкастая виверна, прячущаяся в кронах Древнего леса. Ее мех, похоже, способен накапливать статическое электричество.",토비카가치,나무 위에 서식하며 나무를 뛰어다니는 아룡종. 나무나 지면에 신체를 문지르며 이동해서 체모에 정전기를 축적하는 성질을 가진 듯하다.,飛雷龍,棲息在樹上，在林木間飛舞活動的牙龍種。 似乎會藉由移動時摩擦林木與地面， 使體毛能夠蓄積靜電。,توبي-كاداتشي,تنين مجنح ذو أنياب يطير بين أشجار الغابة العتيقة. نزعته في الاحتكاك بالأرض والأشجار أثناء التحرك تولّد كهرباء ساكنة في فروته.
Anjanath,"The Anjanath patrols the Ancient Forest, looking for its favorite meal, Aptonoth. This belligerent monster will attack anything without hesitation.",アンジャナフ,捕食対象の草食種が多く棲息する古代樹の森を 縄張りとするモンスター。非常に好戦的で、 他のモンスターに対しても躊躇なく襲い掛かる。,Anjanath,"L'Anjanath parcourt la Forêt ancienne à la recherche d'Aptonoth, son met favori. Ce monstre belliqueux attaque sans hésitation.",Anjanath,"L'Anjanath si aggira per la Foresta antica in cerca degli Aptonoth, il suo pasto preferito. Questo mostro attacca senza alcuna esitazione tutto ciò che gli si para davanti.",Anjanath,Der Anjanath durchstreift den Uralten Wald auf der Suche nach seinem Lieblingsmahl: Aptonoths. Dieses streitsüchtige Monster stürzt sich ohne zu zögern auf jeden!,Anjanath,"Los Anjanath patrullan por el Bosque Primigenio en busca de su comida preferida, los Aptonoth. Este agresivo monstruo ataca a cualquiera sin titubear.",Anjanath,"O Anjanath patrulha a Floresta Ancestral atrás da sua refeição, o Aptonote. Este monstro hostil ataca a todos sem hesitar.",Anjanath,"Anjanath krąży po Starodrzewie, szukając ulubionego posiłku - Aptonotha. Ten bojowy potwór atakuje wszystko bez wahania.",Аньянат,Аньянаты рыщут по Древнему лесу в поисках любимой добычи: аптонотов. Чудовище свирепо и крайне агрессивно.,안쟈나프,포식 대상인 초식종이 서식하는 고대수의 숲을 영역으로 하는 몬스터. 매우 호전적이기에 다른 몬스터에게도 주저 없이 달려든다.,蠻顎龍,以捕食對象草食種大量棲息的古代樹森林 為地盤的魔物。非常好戰， 會毫不猶豫地襲擊其他魔物。,أنجاناث,تجوب الأنجاناث الغابة العتيقة بحثًا عن وجبتها المفضلة، أبتونوث. سيهاجم هذا الوحش العدواني أي شيء من دون تردد.
Rathian,"Wyverns known as the ""Queens of the Land."" Terrestrial predators, they overpower prey with their venomous tails and powerful legs.",リオレイア,地上を中心に狩りを行なう、別名≪陸の女王≫。 つがいで狩りを行なう様子も目撃されており、 優れた脚力と毒を含んだ尾で獲物を仕留める。,Rathian,"Wyverne femelle surnommée ""Reine de la terre"", elle chasse principalement au sol utilisant ses pattes puissantes et sa queue sécrétant du poison.",Rathian,"Wyvern femmina, conosciuta anche con il nome di ""Regina delle terre"". Caccia prevalentemente a terra grazie alla coda, da cui secerne un veleno mortale, e alle sue possenti zampe.",Rathian,"Eine weibliche Wyvern, auch als ""Königin des Landes"" bekannt. Mit ihrem giftabsondernden Schwanz und kräftigen Beinen jagt sie Beute bevorzugt am Boden.",Rathian,"Wyverns conocidas como ""reinas de la tierra"". Depredadoras terrestres que dominan a sus presas con su cola venenosa y poderosas patas.",Rathian,"Serpes conhecidas como ""Rainhas da Terra"". Predadores terrestres que subjugam presas com suas caudas venenosas e pernas fortes.",Rathiana,"Wiwerny znane jako „królowe lądu”. Lądowe drapieżniki, obezwładniające ofiary jadowitymi ogonami i potężnymi nogami.",Ратиана,"Этих виверн называют ""Королевами земель"". Это сухопутные хищники, убивающие добычу мощными лапами и ядовитыми хвостами.",리오레이아,지상을 중심으로 사냥하는 일명 ≪육지의 여왕≫. 한 쌍이 사냥하는 모습도 목격되고 있으며 우수한 각력과 독 꼬리로 사냥감을 끝장낸다.,雌火龍,以地面為狩獵重心，別名《陸之女王》。 曾有雌雄一同狩獵的目擊情報， 會用優秀的腳力和含有毒的尾巴解決獵物。,راثيان,"التنانين المجنحة المعروفة باسم ""ملكات الأرض."" مفترسة أرضية، تتغلب على ضحيتها باستخدام ذيولها السامة وأقدامها القوية."
Tzitzi-Ya-Ku,This odd monster blinds both prey and enemies with a special pulsing organ near its head. It then uses its strong legs to deliver finishing blows.,ツィツィヤック,獲物や天敵を発見すると発光器官を大きく広げ、 閃光で目を眩まし隙を生み出すようだ。獲物を 仕留める際は脚力を活かした攻撃を用いてくる。,Tzitzi-Ya-Ku,"Cette étrange créature aveugle ses ennemis avec un organe spécial situé près de sa tête, et utilise ses pattes pour porter le coup de grâce.",Tzitzi-Ya-Ku,"Questa singolare creatura acceca le prede e i suoi nemici attraverso uno speciale organo che ha all'altezza della testa, dopodiché usa le sue forti zampe per sferrare il colpo di grazia.",Tzitzi-Ya-Ku,"Dieses seltsame Monster blendet sowohl Beute als auch Feinde mit einem speziellen pulsie- renden Organ in der Nähe seines Kopfs, bevor es mit seinen kräftigen Beinen tödlich zutritt.",Tzitzi-Ya-Ku,"Un extraño monstruo que ciega tanto a presas como a enemigos con los destellos de un órgano especial cerca de su cabeza, para a continuación rematarlos con sus fuertes patas.",Tzitzi-Ya-Ku,Este monstro estranho cega a presa e os inimigos com um órgão pulsante na cabeça e usa pernas fortes para finalizar o ataque.,Tzitzi-Ya-Ku,Ten dziwny potwór oślepia ofiary i wrogów specjalnym pulsującym narządem przy głowie. Następnie zadaje zabójcze ciosy nogami.,Цици-йа-ку,"Странное чудовище, ослепляющее добычу и врагов за счет импульсного органа у головы В качестве оружия использует мощные ноги.",치치야크,사냥감이나 천적을 발견하면 발광 기관을 크게 벌려 그 섬광의 빛으로 틈을 만드는 듯하다. 마무리 지을 땐 각력을 활용한 공격을 해온다.,眩鳥,一發現獵物或天敵，發光器官 就會張大，發出耀眼的閃光來製造對方破綻。 要解決獵物的時候，會活用腳力發動攻擊。,تسيتسي-يا-كو,هذا الوحش الغريب يسبب العمى لضحيته وأعدائه باستخدام عضو نابض مميز بالقرب من قلبه. ويستخدم بعد ذلك قدمه القوية لتنفيذ ضربات قاضية.
Paolumu,"Paolumu feast on eggs found in the Coral Highlands. They are able to float through the air using unique sacs in their bodies, and attack with their extremely hard tails.",パオウルムー,陸珊瑚の卵を主食とする飛竜種。体内に空気を 溜め、吐き出す力を利用して空中を移動しながら 硬い尻尾を使った強烈な攻撃を繰り出してくる。,Paolumu,Le Paolumu se nourrit d'œufs trouvés sur le Plateau de corail. Il flotte grâce aux poches d'air dans son corps et attaque avec sa queue extrêmement dure.,Paolumu,Il Paolumu si ciba di uova negli Altipiani corallini. È in grado di librarsi in aria grazie alle sacche che ha nel corpo. Usa la sua dura coda per sferrare potenti attacchi.,Paolumu,"Der Paolumu ernährt sich von Eiern, die er im Korallenhochland findet. Dank einzigartiger Säcke in seinem Körper fliegt er durch die Luft und greift mit seinem harten Schwanz an.",Paolumu,Los Paolumu se dan auténticos festines de huevos en los Altiplanos Coralinos. Los peculiares sacos de aire de su cuerpo les permiten flotar por el aire y atacar con su durísima cola.,Paolumu,"O Paolumu devora ovos nos Planaltos Coralinos, se lança no ar usando glândulas corporais e ataca com sua cauda extremamente dura.",Paolumu,Paolumu zjada jaja na Pogórzu Koralowym. Porusza się w powietrzu przy użyciu specjalnych worków i atakuje twardym ogonem.,Паолуму,Паолуму охотятся за яйцами на Коралловом нагорье. Они быстро перемещаются благодаря особым воздушным мешкам. Берегитесь хвоста!,파오우르무,"육산호의 알이 주식인 비룡종. 체내의 공기를 모아서 뱉는 힘을 이용하여 공중을 이동하면서, 딱딱한 꼬리를 사용한 강렬한 공격을 구사한다.",浮空龍,以陸珊瑚的卵為主食的飛龍種。能在體內 蓄積空氣，利用吐出的力量進行空中移動， 同時利用堅硬的尾巴施展強力攻擊。,باولومو,تتغذى الباولومو على البيض في المرتفعات المرجانية. يمكنها دفع نفسها في الهواء بأكياس مميزة في أجسادها والهجوم بذيلها شديد الصلابة.
Great Girros,"A monster that scavenges for meals dropped from the Coral Highlands. It acts as the alpha leader of a Girros pack, and sports giant fangs that paralyze its prey.",ドスギルオス,陸珊瑚の台地から落ちてくる獲物の肉を求め、 ギルオスを引き連れ徘徊しているモンスター。 大牙には麻痺毒を持ち、これで獲物を仕留める。,Grand Girros,"Un monstre qui se nourrit des restes de nourriture tombant du Plateau de corail. À la tête des meutes de Girros, il paralyse ses proies à l'aide de ses énormes crocs.",Gran Girros,"Un mostro che è solito rovistare alla ricerca di creature precipitate dagli Altipiani corallini. Grazie alle enormi zanne che secernono un veleno paralizzante, è il maschio dominante del suo branco.",Groß-Girros,"Der Groß-Girros sucht nach Beute, die aus dem Korallenhochland herabgefallen ist, wobei er mit seinen riesigen lähmenden Zähnen gleichzeitig als Anführer eines Girros-Rudels fungiert.",Gran Girros,"Un monstruo que se alimenta rapiñando los restos de comida caídos de los Altiplanos Coralinos. Actúan como líderes en las manadas de Girros, y cuentan con colmillos paralizantes de gran tamaño.",Grande Girros,Monstro que busca refeições nos Planaltos. Atua como o alfa do bando de Girros e exibe dentes gigantes que paralisam a presa.,Wielki Girros,"Padlinożerca z Pogórza Koralowego Jest przywódcą stada Girrosów i ma ogromne kły, którymi paraliżuje ofiarę.",Большой гиррос,"Питается тем, что упало с Кораллового нагорья. Могучие клыки этого чудовища парализуют жертву.",도스기르오스,육산호의 대지로 떨어지는 사냥감을 찾아 기르오스를 거느리며 배회하는 몬스터. 커다란 이빨의 마비 독으로 사냥감을 덮친다.,大凶顎龍,為了尋找撿拾從陸珊瑚台地掉落的獵物肉， 會拉著凶顎龍四處徘徊的魔物。 大牙裡含有麻痺毒，會用來解決獵物。,غيروس العظيم,وحش يقتات على الوجبات التي تسقط من المرتفعات المرجانية. يُعد القائد الألفا  لقطيع غيروس ويبرز أنيابًا ضخمة تشل ضحيتها.
Radobaan,"A gigantic brute wyvern that eats the bones of carcasses found in the Rotten Vale, using some of it as armor. It also rolls into a ball as a form of attack and transportation.",ラドバルキン,瘴気の谷に残された屍肉の骨を食べ、全身にその 骨を纏う獣竜種。身体を丸め、転がるようにして 移動や攻撃を行なう姿が目撃されている。,Radobaan,"Une wyverne de terre gigantesque qui se nourrit d'ossements dans le Val putride, et s'en sert comme armure. Il se met en boule pour attaquer et se déplacer.",Radobaan,"Un gigantesco wyvern brutale che usa le ossa delle carcasse della Valle putrefatta come cibo o come armatura. Il fatto che si appallottoli su sé stesso è una forma di difesa, oltre che di spostamento.",Radobaan,Dieser gigantische Kampfwyvern frisst die Knochen der Kadaver im Tal der Verwesung; oder nutzt sie als Rüstung. Er rollt sich für Angriffe und zum Fortbewegen zusammen.,Radobaan,"Un wyvern brutal gigantesco que se alimenta de huesos de cadáveres que encuentra en el Valle Putrefacto. También es capaz de usar los huesos como armadura, y se enrolla en una bola para atacar y desplazarse.",Radobaan,"Uma serpe bruta que devora carcaças no Vale, usando parte dos ossos como armadura. Também rola como bola para atacar e se mover.",Radobaan,"Wiwerna zwalista, która żywi się kośćmi z Gnijącej Doliny i robi z nich pancerz. Porusza się i atakuje zwinięta w kulę.",Радобаан,"Огромная свирепая виверна, питающаяся найденными в Гнилой долине костями. Из них она создает и свои доспехи.",라도발킨,독기의 골짜기에 남겨진 시체의 뼈를 먹고 온몸에 그 뼈를 걸친 수룡종. 몸을 둥글게 말아 이동하거나 공격하는 모습이 목격되고 있다.,骨鎚龍,吞食殘存於瘴氣之谷的屍肉屍骨，全身纏繞 屍骨的獸龍種。曾經被目擊到牠綣縮起身體以 滾動的形式進行移動及攻擊。,رادوبان,تنين مجنح متوحش يأكل عظام الجثث الموجودة في الوادي المتعفن، مستخدمًا بعضها كدرع له. يتدحرج كالكرة كأسلوب هجوم ونقل.
Legiana,"The apex monster of the Coral Highlands, whose diet primarily consists of Raphinos. It emits a chilling wind from its body, which dulls its prey's ability to escape.",レイギエナ,陸珊瑚の台地の主。捕食対象であるラフィノスの 群れを狙って姿を現わし、全身から冷気を放って 獲物の動きを鈍らせながら狩りを行なう。,Legiana,Monstre régnant sur le Plateau de corail où il se nourrit de Raphinos. Son corps émet un vent glacial qui empêche ses proies de s'enfuir.,Legiana,"Il re degli Altipiani corallini. Si ciba prevalentemente di Raphinos ed emette un vento gelido dal suo corpo, impedendo alle sue prede di muoversi liberamente.",Legiana,"Der Legiana ist das Apex-Monster des Korallen- hochlandes, wo er sich von Raphinos ernährt. Seinem Körper entströmt ein eiskalter Wind, der die Bewegungen seiner Beute limitiert.",Legiana,"El mayor depredador de los Altiplanos Coralinos. Su dieta se basa en los Raphinos, a los que caza con ráfagas de viento helado que emite su cuerpo y que dificulta la huida de sus víctimas.",Legiana,"O monstro dos Planaltos, cuja dieta consiste em Raphinos. Emite um vento frio do corpo para impedir que a presa escape.",Legiana,"Najgroźniejszy potwór Pogórza Koralowego, zjada głównie Raphinosy. Wypuszcza zimny podmuch, który utrudnia ofiarom ucieczkę.",Легиана,"Суперхищник Кораллового нагорья, питающийся в основном рафиносами. Может заморозить своим дыханием.",레이기에나,육산호의 대지의 주인. 포식대상인 라피노스 무리를 노리고 나타나서 전신에 냉기를 뿜어 사냥감의 움직임을 둔화시키면서 사냥을 한다.,風漂龍,陸珊瑚台地之主。看準捕食對象的芳翼龍 族群就會現身，從全身放出寒氣， 讓獵物的行動變遲鈍再開始狩獵。,ليغيانا,وحش طرف المرتفعات المرجانية الذي يتكون نظامه الغذائي في الأساس من رافينوس. يطلق رياحًا باردة من جسده من شأنها إضعاف قدرة ضحيته على الهرب.
Odogaron,"A terrifying monster that scours the Rotten Vale for carrion. Its highly aggressive nature means that anything, be it monster or man, is a potential meal.",オドガロン,屍肉を求め瘴気の谷を徘徊しているモンスター。 他のモンスターへも躊躇なく攻撃を仕掛け、 仕留めた獲物や肉片を巣に持ち帰る習性を持つ。,Odogaron,"Un monstre terrifiant qui se nourrit de charognes dans le Val putride. De nature très agressive, il s'attaque à quiconque lui semble comestible.",Odogaron,Un terrificante mostro che si aggira per la Valle putrefatta in cerca di carcasse. La sua natura aggressiva lo rende estremamente pericoloso per gli umani e per i mostri.,Odogaron,"Ein entsetzliches Monster, das im Tal der Verwesung nach Aas sucht. Dank seiner hochaggressiven Natur ist alles und jeder eine potentielle Mahlzeit.",Odogaron,"Terrorífico monstruo que recorre el Valle Putrefacto en busca de carroña. Su naturaleza agresiva convierte a cualquiera, sea monstruo o persona, en una cena potencial.",Odogaron,Um monstro aterrorizante que voa sobre o Vale em busca de carniça. Sua natureza agressiva considera tudo uma refeição.,Odogaron,"Przerażający potwór, przemierzający Gnijącą Dolinę w poszukiwaniu padliny. I potwór, i człowiek może stać się jego posiłkiem.",Одогарон,"Жуткое чудовище из Гнилой долины. Предпочитает падаль, но агрессивно и не откажется закусить охотником.",오도가론,"시체를 찾아 독기의 골짜기를 배회하는 몬스터. 다른 몬스터에게도 주저 없이 공격하며, 끝장낸  사냥감이나 살점을 둥지로 가져가는 습성 있음.",慘爪龍,徘徊瘴氣之谷尋找屍肉的魔物。 會毫不猶豫地攻擊其他魔物， 有著會將擊殺的獵物與肉片帶回巢穴的習性。,أودوغارون,وحش مخيف يفتّش الوادي المتعفن بحثًا عن جثث ميتة. بسبب طبيعتها الوحشية، تعتبر أي شيء سواء وحش أو شخص وجبتها المحتملة.
Rathalos,"The apex monster of the Ancient Forest, also known as the ""King of the Skies."" A terrible wyvern that descends upon invaders, attacking with poison claws and fiery breath.",リオレウス,古代樹の森で生態系の頂点に立つ≪空の王者≫。 縄張りには鱗や爪痕が残されており、侵入者には モンスターであろうと容赦なく襲い掛かる。,Rathalos,"Monstre dominant la Forêt ancienne et surnommé le ""Roi des Cieux"", il descend du ciel pour attaquer ses proies avec ses griffes empoisonnées et son souffle infernal.",Rathalos,"Il dominatore della Foresta antica, conosciuto anche come il ""Re dei cieli"". Feroce wyvern che attacca dal cielo gli intrusi colpendoli con i suoi artigli velenosi e con il suo respiro di fuoco.",Rathalos,"Das Apex-Monster des Uralten Waldes, bekannt als ""König des Himmels"". Ein schrecklicher Wyvern, der auf Eindringlinge herabstößt und mit Giftklauen und Feueratem angreift.",Rathalos,"El mayor depredador del Bosque Primigenio, también conocido como ""rey de los cielos"". Un terrible monstruo que ataca a todo invasor con garras venenosas y aliento de fuego.",Rathalos,"O monstro da Floresta Ancestral, o ""Rei dos Céus"". Serpe terrível que ataca invasores com garras de veneno e sopro ardente.",Rathalos,"Najgroźniejszy potwór Starodrzewu, znany też jako „Król Przestworzy”. Straszliwa wiwerna, atakująca z góry jadowymi szponami i ogniem.",Раталос,"Суперхищник Древнего леса, также известный как ""Король неба"". В бою полагается на яд и огненное дыхание.",리오레우스,고대수의 숲 생태계의 정점에 선 ≪하늘의 왕자≫ 영역엔 비늘이나 발톱 자국이 남아있으며  침입자는 몬스터일지라도 가차없이 덤벼든다.,火龍,立於古代樹森林生態系統頂點的《空之王者》。 會在地盤上留下鱗片及爪痕，即使入侵的是 魔物，也會毫不留情地發動襲擊。,راذالوس,"وحش طرف الغابة العتيقة المعروف أيضًا باسم ""ملك السماء"". تنين مجنح مرعب ينزل على الغزاة ويهاجمهم بمخالبه السامة ونفسه الناري."
Diablos,"The apex monster of the Wildspire Waste. A menacing, territorial beast that lurks underground. Loud noises will cause it to lunge out of the sand in search of prey.",ディアブロス,大蟻塚の荒地の主。強い縄張り意識と暴君の如き 攻撃性を持ち、地下の縄張りの上で大きな音を 立てた獲物を引きずり込もうとする習性がある。,Diablos,"Régnant sur le Désert des termites, ce monstre a tendance à se cacher sous le sol et à surgir du sable pour s'attaquer aux imprudents qui font trop de bruit.",Diablos,Il re delle Guglie selvagge. Questa bestia si annida nelle profondità del sottosuolo. I rumori forti lo fanno emergere dalle sabbie in cerca della sua preda.,Diablos,"Das Apex-Monster der Wildturm-Ödnis. Ein bedrohliches, territoriales Biest, das im Unter- grund lauert. Laute Geräusche locken es an die Oberfläche, um Beute zu machen.",Diablos,"El mayor depredador del Yermo de Agujas. Una bestia amenazadora y muy territorial, que se esconde bajo tierra. Los ruidos fuertes le hacen salir en busca de presas a las que arrastrar bajo las arenas.",Diablos,O monstro do Ermo Selvagulha. Uma fera territorial que espreita no subterrâneo. Ruídos a fazem sair da areia atrás da presa.,Diablos,Najgroźniejszy potwór Pustkowia Dzikowieży. Terytorialna bestia czyhająca pod ziemią. Na głośny dźwięk wyskakuje z piasku.,Диаблос,"Суперхищник Дикогорья. Подземное территориальное чудовище. Атакует из песка, услышав шум.",디아블로스,개밋둑의 황야의 주인. 강한 영역 의식과 폭군 같은 공격성이 있어 지하 영역 위에서 커다란 소리를 내는 사냥감을 끌어당기는 습성이 있다.,角龍,大蟻塚荒地之主。擁有強烈地盤意識與 暴君般的攻擊性。獵物在地底地盤的上方 發出大聲音的話，就會按照習性出手拖走獵物。,ديابلوس,وحش طرف أنقاض الهياكل الشرسة. وحش أرضي خطير يختبئ تحت الأرض. تدفعه الضوضاء للخروج من الرمال بحثًا عن ضحية.
Kirin,Kirin are so rarely sighted that little is known of their ecology. It's been said they envelop themselves in pure electricity when they are provoked.,キリン,古龍種に属するが、目撃情報が極端に少なく、 その生態はほとんど知られていない幻の生物。 雷を操り、怒り時には全身に稲妻を纏うという。,Kirin,Les Kirin sont si rares qu'on en sait peu sur leur mode de vie. On dit que leur corps se couvre d'électricité pure lorsqu'ils sont provoqués.,Kirin,"Non è facile avvistare un Kirin, per questo non si hanno molte informazioni su di loro. Pare che se provocati, il loro corpo venga avvolto dall'elettricità.",Kirin,"Der Kirin ist ein solch seltener Anblick, dass man kaum etwas über seine Ökologie weiß. Angeblich hüllt sein Körper sich in reine Elektrizität, wenn er provoziert wird.",Kirin,Los Kirin son tan difíciles de ver que poco se sabe de su ecología. Se dice que al provocarles sus cuerpos quedan envueltos en electricidad pura.,Kirin,Kirin raramente são vistos e pouco se sabe sobre eles. Dizem que se cobrem de eletricidade pura quando provocados.,Kirin,"Kiriny są taką rzadkością, że o ich życiu niewiele wiadomo. Podobno sprowokowane otaczają się czystą elektrycznością.",Кирин,"Кирины редки и почти не изучены. Говорят, если их спровоцировать, они прикрываются электрококоном.",키린,고룡종에 속하나 목격 정보가 극히 적어 그 생태는 대부분 알고 있지 못한 환상의 생물. 벼락을 부리며 분노 시엔 몸을 번개로 감싼다.,麒麟,分類是古龍種，但目擊情報極少， 幾乎無法確認其生態的夢幻生物。 能操縱雷電，據說憤怒時會全身環繞閃電。,كيرين,من النادر جدًا رؤية الكيرين لدرجة أن الصغار منها تُعرف بالمسح البيئي. يُقال بأنها تغطي نفسها بكهرباء خالصة عند تعرضها للخطر.
Zorah Magdaros,"An elder dragon that rises from the earth like a volcano. Where it's headed, and why, the Research Commission has yet to figure out.",ゾラ・マグダラオス,大地にそびえる火山を思わせる外殻を持つ古龍。 どこかを目指して移動しているように見えるが、 その目的は未だ判明していない。,Zorah Magdaros,Un dragon ancien qui sort de terre tel un volcan. La Commission de recherche doit découvrir où il est allé et comprendre ses motivations.,Zorah Magdaros,Un drago anziano che esce dai recessi della terra come un vulcano. La Commissione di ricerca deve ancora capire dove è diretto e per quale motivo.,Zorah Magdaros,"Ein Drachenältester, der sich wie ein Vulkan aus der Erde erhebt. Wohin er will, und warum, will die Forschungskommission herausfinden.",Zorah Magdaros,Un dragón anciano que surge de la tierra como un volcán. La comisión de investigación aún no ha averiguado ni hacia dónde se dirige ni por qué.,Zorah Magdaros,Um dragão ancião que emerge da terra como um vulcão. A Comissão de Pesquisa ainda não descobriu para onde ele vai ou o porquê.,Zorah Magdaros,"Starszy Smok górujący nad ziemią jak wulkan. Dokąd zmierza i po co, Komisja Badawcza musi dopiero ustalić.",Дзора Магдарос,"Древний дракон, вздымающийся над землей подобно скале. Куда и зачем он направляется, Штабу Экспедиции пока неизвестно.",조라-마그다라오스,대지에 솟은 화산이 생각나는 외각을 가진 고룡. 어딘가를 목표로 이동하는 듯이 보이지만 그 목적은 아직 판명되지 않았다.,熔山龍,外殼彷彿聳立在大地上的火山般的古龍。 彷彿是朝著某個方向在移動， 但至今仍未查明牠的目的地。,زوراه ماغداروس,تنين معمِّر يخرج من الأرض كالبركان. ما هي وجهته وسببها هو الأمر الذي لا تزال لجنة البحث تحاول معرفته.
Dodogama,A monster that devours rocks as its primary diet. The crystals it devours mix with its saliva to produce explosive minerals that it can spit at its enemies.,ドドガマル,岩を主食とするモンスター。噛み砕いた龍結晶と 唾液の成分を化合させることで爆発性の岩を 口内に蓄え、吐き出すことで天敵から身を守る。,Dodogama,Les cristaux que dévore ce monstre se mélangent à sa salive pour produire des minerais explosifs qu'il crache à ses ennemis.,Dodogama,Un mostro che si ciba prevalentemente di rocce. Produce un minerale esplosivo mischiando la saliva con i cristalli che divora e che sputa addosso ai suoi nemici.,Dodogama,Der Dodogama verschlingt Felsen als Haupt- nahrungsquelle. Kristalle daraus mischen sich mit seinem Speichel und die so entstandenen explosiven Mineralien spuckt er auf Gegner.,Dodogama,Un monstruo cuya dieta se basa en devorar rocas. Los cristales que devora se mezclan con su saliva para producir minerales explosivos que escupe a sus enemigos.,Dodogama,Monstro que devora pedras como dieta e mistura os cristais com saliva para gerar minérios explosivos que cospe nos inimigos.,Dodogama,"Potwór żywiący się głównie skałami. Pożarte kryształy miesza ze śliną, przez co powstają wybuchowe minerały, którymi pluje we wrogów.",Додогама,"Чудовище, питающееся камнями. Смешиваясь со слюной, съеденная им порода превращается в взрывчатое вещество.",도도가마루,바위가 주식인 몬스터. 잘게 씹은 용결정과 타액 성분을 합친 폭발성 바위를 입안에 축적하다 내뱉어서 천적에게서 몸을 지킨다.,岩賊龍,以岩石為主食的魔物。咬碎的龍結晶 與唾液成份混合，使口腔內可以蓄積 爆炸性的岩石，必要時可以吐出來防備天敵。,دودوغما,وحش يتغذى على الصخور كوجبته الأساسية. تمتزج الكريستالات التي يأكلها مع لعابه فتنتج معادن متفجرة يستطيع أن يبصقها على أعداءه.
Pink Rathian,"A subspecies with vibrant pink scales. Pink Rathians wield their toxic tails more deftly than normal Rathians, weakening prey with poison before moving in for the kill.",リオレイア亜種,鮮やかな桜色の甲殻を持つリオレイアの亜種。 毒を含んだ尾を通常種以上に巧みに振り回し、 獲物を弱らせてから仕留める狩猟法を用いる。,Rathian sakura,"Sous-espèce de Rathian aux écailles d'un rose éclatant, elle agite habilement sa queue toxique pour affaiblir ses proies avant de les tuer.",Rathian rosa,"Una sottospecie di Rathian, le cui scaglie sono di un rosa acceso. A differenza delle comuni Rathian, le Rathian rosa scuotono la coda per indebolire la loro preda col veleno prima di ucciderla.",Rosa Rathian,"Eine Unterart der Rathian mit leuchtend rosa Schuppen. Die Rosa Rathian schwingt ihren toxischen Schwanz geschickter und schwächt ihre Beute mit Gift, bevor sie sie tötet.",Rathian Rosa,"Subespecie de Rathian con escamas de color rosa brillante. Estas Rathian sacuden sus tóxicas colas con aún más destreza que las Rathian normales, hiriendo a su presa con veneno antes de rematarla.",Rathian Rosa,"Subespécie com escamas rosas. Rathians Rosa usam as caudas tóxicas com mais destreza, enfraquecendo a presa antes do bote.",Różowa Rathiana,"Podgatunek z różowymi łuskami. Zręcznie posługują się jadowitym ogonem, którym osłabiają ofiary przed zabiciem.",Розовая ратиана,Подвид с розовым окрасом. Ловко атакуют ядовитым хвостом.,리오레이아 아종,선명한 연분홍 갑각을 가진 리오레이아의 아종. 독을 품은 꼬리를 일반종보다 더 교묘히 휘둘러 사냥감을 약화시켜 끝내는 사냥법을 사용한다.,櫻火龍,擁有鮮艷櫻花色甲殼的亞種雌火龍。 含有劇毒的尾巴揮動起來比通常種更加靈活， 狩獵時習慣削弱獵物再下殺手。,راثيان وردية,سلالة فرعية بقشور وردية متذبذبة. تستخدم راثيان الوردية ذيلها السام بليونة أكثر من العادية، تضعف ضحيتها بالسم قبل أن تبدأ القتل.
Bazelgeuse,A nefarious flying wyvern that travels the New World in search of prey. It scatters explosive scales over a wide area to prey on whatever gets caught in the blast.,バゼルギウス,獲物を求め、各地に出没している大型の飛竜。 爆発性の鱗を一面に撒き散らし、周囲に存在する 全てのものを巻き込みながら狩りを行なう。,Bazelgeuse,Une infâme wyverne volante qui parcourt le Nouveau Monde en quête de proies. Il répand ses écailles explosives pour piéger ses victimes dans les flammes.,Bazelgeuse,"Un malvagio wyvern volante che solca i cieli del Nuovo Mondo in cerca di prede. Lancia scaglie esplosive che intrappolano la preda, lasciandola soccombere avvolta tra le fiamme.",Bazelgeuse,"Ein ruchloser Flugwyvern, der die Neue Welt auf der Suche nach Beute bereist. Er kann explosive Schuppen verteilen, die Opfer in Flammen hüllen.",Bazelgeuse,"Un malvado wyvern volador que se ha desplazado al Nuevo Mundo en busca de presas. Para cazar esparce escamas explosivas por amplias superficies, para alimentarse de criaturas atrapadas en la explosión.",Bazelgeuse,Serpe alada nefasta que busca por presas no Novo Mundo. Dispersa escamas explosivas em uma área ampla para devorar qualquer alvo.,Bazelgez,"Wiwerna latająca krążąca po Nowym Świecie w poszukiwaniu ofiar. Rozrzuca wybuchowe łuski, by dopaść to, czego dosięgnie wybuch.",Базельгейс,Летающая виверна с дурной славой. Рыщет по всему Новому Свету. Добычу убивает с помощью взрывающейся чешуи.,바젤기우스,사냥감을 찾아 각지에 출몰하는 대형 비룡. 폭발성 비늘을 주변에 뿌려서 주위에 존재하는 모든 것을 휘말리게 하여 사냥을 한다.,爆鱗龍,出沒於各地尋找獵物的大型飛龍。 會對特定方向灑出爆炸性的鱗片， 將周遭的東西全部席捲進去以進行狩獵。,بازيلغيس,تنين مجنح شنيع يجوب العالم الجديد بحثًا عن ضحية. يقوم بنثر قشور متفجرة في مناطق متفرقة كي يفترس ما يعلق في الانفجار.
Deviljho,"Due to its enhanced metabolism, Deviljho must constantly seek out prey. It is extremely violent, and known to snatch up large monsters in its powerful maw and flail them around.",イビルジョー,代謝が激しく捕食し続ける必要があり、獲物を 求めて常にさまよい歩いている。非常に狂暴で、 大型モンスターをくわえたまま振り回すという。,Deviljho,"Wyverne au métabolisme surpuissant, le Deviljho est sans cesse à la recherche de nouvelles proies. Extrêmement violent, il n'hésite pas à attaquer les monstres plus grands que lui.",Deviljho,Il Deviljho è sempre alla ricerca di una preda a causa del suo metabolismo accelerato. È estremamente violento ed è noto per la sua abilità di azzannare e scuotere altri mostri.,Dämonjho,"Wegen seines beschleunigten Metabolismus ist ein Dämonjho ständig auf der Suche nach Beute. Er ist extrem brutal und dafür bekannt, große Monster in seinem Maul herumzuwirbeln.",Deviljho,"Debido a su metabolismo, los Deviljho siempre andan buscando presas. Son muy agresivos, y a menudo se les ve con las fauces clavadas en grandes monstruos y sacudiéndolos por los aires.",Deviljho,O Deviljho tem metabolismo rápido e precisa caçar regularmente. Morde as presas com força e as balança violentamente.,Deviljho,"Z uwagi na metabolizm Deviljho musi ciągle szukać pożywienia. Niezwykle brutalny, chwyta duże potwory paszczą i młóci nimi.",Девильо,Из-за своего метаболизма девильо постоянно ищет жертв. Этот зверь способен крушить своими челюстями даже крупных чудовищ.,이블조,신진대사가 활발하여 계속 포식해야 하기에 늘 사냥감을 찾아 돌아다닌다. 대형 몬스터를 입에 문 채로 휘두를 정도로 매우 난폭하다.,恐暴龍,代謝極高，必須不斷捕食， 因此經常為尋求獵物而到處徘徊。 非常狂暴，會叼起大型魔物甩動。,ديفيلجو,ديفيلجو متعطش دائمًا للفرائس بسبب استقلابه العالي. فهو عنيف للغاية ويُعرف بوضعه للوحوش الضخمة بين فكيه ثم يحركها يمينًا ويسارًا.
Lavasioth,Lavasioths utilize molten lava as armor. They are extremely aggressive and will attack without prejudice until the threat has been eliminated.,ヴォルガノス,マグマの中を泳ぎ、強固な溶岩の鎧を纏う魚竜。 ウラガンキンが近くにいると警戒し、積極的に 攻撃したり排除しようとする行動が見られる。,Lavasioth,"Le Lavasioth se sert de lave comme armure. Extrêmement agressif, il continuera à attaquer jusqu'à ce que toute menace soit éliminée.",Lavasioth,Il Lavasioth usa la lava come un'armatura. È estremamente aggressivo e può continuare ad attaccare fino a quando non è sicuro che ogni minaccia sia stata eliminata definitivamente.,Lavasioth,Der Lavasioth nutzt geschmolzene Lava als Rüstung. Er ist extrem aggressiv und wird ohne Zurückhaltung jede Bedrohung bis zum Tod angreifen.,Lavasioth,Los Lavasioth utilizan lava líquida como armadura. Son extremadamente agresivos y atacan sin tregua hasta eliminar a la amenaza en cuestión.,Lavasioth,Lavasioths usam lava como armadura. São extremamente agressivos e atacam sem discriminação até eliminar a ameaça.,Lavasioth,Lavasiothy mają pancerz z roztopionej lawy. Są niezwykle agresywne i bezwzględnie atakują aż do wyeliminowania zagrożenia.,Лавасиот,Лавасиоты защищают себя за счет жидкой лавы. Атакуют без предупреждения. Крайне агрессивны.,볼가노스,마그마를 누비는 강고한 용암갑옷을 두른 어룡. 우라간킨이 접근하면 경계해서 적극적으로 공격하거나 배제하는 행동을 보인다.,熔岩龍,能在岩漿中游泳，身披堅固熔岩護甲的魚龍。 只要於附近發現爆鎚龍就會開始警戒， 採取積極攻擊及驅逐的行動。,لافاسيوث,تستخدم اللافاسيوث الحمم البركانية المذابة كدرع لها. تُعد عدوانية للغاية وهي تهاجم دون هوادة حتى تقضي على التهديد.
Uragaan,"Large brute wyverns that feed on ore, using their mighty jaws to crush solid rock to powder. They've been known to confront Lavasioths over territory disputes.",ウラガンキン,頑強な顎で岩盤を砕き主食の鉱石を摂取している モンスター。ヴォルガノスとは敵対関係にあり、 近くにいると警戒を示す様子が確認されている。,Uragaan,"Grande wyverne de terre se nourrissant de minerais qu'elle extrait à l'aide de sa puissante mâchoire, l'Uragaan se dispute le territoire avec le Lavasioth.",Uragaan,Wyvern anziani che si nutrono di minerali. Gli Uragaan usano le loro possenti mandibole per frantumare le rocce. Sono noti per disputarsi il controllo del territorio con i Lavasioth.,Uragaan,"Dieser große Kampfwyvern nährt sich an Erz, indem er mit seinen mächtigen Kiefern Gestein zu Pulver zermahlt. Er ist dafür bekannt, mit dem Lavasioth über Gebiete zu kämpfen.",Uragaan,"Grandes y brutales wyverns que se alimentan de minerales, haciendo crujir rocas enormes hasta pulverizarlas con sus poderosísimas mandíbulas. Al parecer, no es infrecuente verles librando disputas territoriales con Lavasioth.",Uragaan,Serpes brutas que se alimentam de minério com suas mandíbulas poderosas. Enfrentam Lavasioths em disputas de território.,Uragaan,"Wielkie wiwerny zwaliste żywiące się rudą, kruszące skałę na proch potężnymi szczękami. Ścierają się z Lavasiothami o terytorium.",Урагаан,"Огромные, свирепые виверны, питающиеся рудой. Их могучие челюсти крошат камни в пыль. Конфликтуют с лавасиотами за территорию.",우라간킨,완강한 턱으로 암반을 파괴해 주식인 광석을 섭취하는 몬스터. 볼가노스와는 적대관계이기에 근처에 있으면 경계하는 모습이 확인되고 있다.,爆鎚龍,能以強韌下顎粉碎岩塊，從中攝取礦石作為主食的 魔物。和熔岩龍是敵對關係，光是 出現在附近就能確認到牠採取警戒的模樣。,أوراغان,تنانين مجنحة ضخمة تتغذى على الخام باستخدام فكها الكبير الذي يحول الصخر الصلب إلى مسحوق. وتشتهر بمواجهة اللافاسيوث في نزاعات الأرض.
Azure Rathalos,"An azure-colored subspecies of Rathalos. More mobile than their standard cousins, they locate prey from the air and quickly swoop in for the kill.",リオレウス亜種,蒼い甲殻を持つリオレウスの亜種。 通常種と比べて機動力が増しており、空中からの 執拗な急襲攻撃で獲物を追い詰める。,Rathalos azur,"Sous-espèce de Rathalos de couleur azur. Plus agile que les Rathalos ordinaires, il repère sa proie depuis les airs et descend en piqué pour la tuer.",Rathalos azzurro,"Sottospecie di Rathalos dal pigmento azzurro. Più agile del suo parente più stretto, individua la preda per poi scendere in picchiata e ucciderla.",Azurner Rathalos,"Eine azurfarbene Unterart des Rathalos. Beweglicher als ihre Standard-Verwandten, finden sie ihre Beute von der Luft aus und stoßen tödlich herab.",Rathalos Celeste,"Una subespecie de Rathalos de color azulado. De más movilidad que sus primos convencionales, a menudo localizan a sus presas desde las alturas y se lanzan sobre ellas.",Rathalos Lazúli,"Uma subespécie lazúli de Rathalos. Mais móvel do que o normal, ela encontra a presa do ar e mergulha rápido para o bote.",Lazurowy Rathalos,"Zabarwiony lazurowo podgatunek Rathalosa. Bardziej ruchliwy od zwykłego, wypatruje ofiary z powietrza i szybko atakuje.",Лазурный раталос,"Лазурные раталосы быстрее сородичей. Убивают жертву с налета, стремительно пикируя с небес.",리오레우스 아종,푸른 갑각을 가진 리오레우스의 아종. 일반종과 비교하여 기동력이 늘었으며 공중에서 집요하게 급습하여 사냥감을 바싹 몰아넣는다.,蒼火龍,擁有蒼藍甲殼的亞種火龍。 機動力比起通常種更強大，會堅持地 從空中發動突襲攻擊，讓獵物無路可走。,راذالوس لازوردي,سلالة فرعية من الراذالوس لازوردية اللون. نشطة أكثر من الراذالوس العادية، يمكنها رصد ضحيتها من الجو والانقضاض عليها سريعًا لقتلها.
Black Diablos,These black-shelled Diablos are actually female Diablos in heat. The color signals their aggressiveness and heightened hostility to other creatures in their habitat.,ディアブロス亜種,繁殖期をむかえ体色が黒く変化した雌の個体。 黒い甲殻は他の生物に対する警告色と考えられ、 通常種と比べて非常に攻撃性が高くなっている。,Diablos noire,Les Diablos à carapace noire sont en réalité des femelles Diablos en chaleur. Leur couleur est un avertissement envers toute créature faisant irruption sur leur territoire.,Diablos nera,I Diablos dalla corazza nera sono in realtà degli esemplari di femmina in calore. Il colore è un avvertimento per le altre creature nei paraggi.,Schwarze Diablos,Dieser schwarzgepanzerte Diablos ist eine läufige weibliche Diablos. Der Farbwechsel signalisiert ihre Aggressivität und erhöhte Grausamkeit anderen Kreaturen gegenüber.,Diablos Negra,"Su aspecto es el de un Diablos de caparazón negro, pero en realidad son Diablos hembra en celo. Su coloración es una señal que advierte de la agresividad extrema de estas bestias.",Diablos Negra,Fêmeas Diablos no cio com cascos negros. A cor sinaliza a agressividade e hostilidade maiores a outras criaturas em seu habitat.,Czarna Diabla,Diable z czarnymi skorupami to samice w rui. Kolor jest oznaką agresywności i większej wrogości względem innych stworzeń.,Черная диаблос,Черный цвет чешуя самок диаблоса принимает во время течки. Тогда они становятся очень агрессивны.,디아블로스 아종,번식기를 맞아 몸 색이 검게 변화한 암컷 개체. 검은 갑각은 경고색이라 여겨지며 일반종과 비교해서 매우 공격성이 높아져 있다.,黑角龍,面臨繁殖期時體色轉黑的雌性個體。 黑色甲殼被認為是針對其他生物的警告色， 和平常種相比，攻擊性變得非常高。,ديابلوس سوداء,إن ديابلوس سوداء الصدفة عبارة عن إناث وقت التزاوج. يدل اللون على وحشيتها وعدوانيتها المتزايدة ضد المخلوقات الأخرى في موطنها.
Nergigante,A terrible elder dragon that appears when other elders are in the vicinity. Its penchant for destruction is well-documented.,ネルギガンテ,古龍種が現われるところには必ず姿を現わすと 噂されている古龍。己の身を顧みず破壊の限りを 尽くすため、≪滅尽龍≫の異名を持つ。,Nergigante,Un dragon ancien redoutable qui apparaît à proximité d'autres dragons anciens. Son penchant pour la destruction est légendaire.,Nergigante,Un terrificante drago anziano che appare se ci sono altri simili nelle vicinanze. La sua propensione a distruggere qualsiasi cosa si ponga sul suo cammino è ben documentata.,Nergigante,"Ein schrecklicher Drachenältester, der auftaucht, wenn andere Drachenälteste in der Nähe sind. Seine Neigung zur Zerstörung ist wohlbekannt.",Nergigante,Un terrible dragón anciano que aparece cuando hay otros dragones ancianos en las cercanías. Se ha documentado ampliamente su pasión por la destrucción.,Nergigante,Um dragão ancião terrível que surge quando outros anciões estão por perto. Sua propensão destrutiva é bem documentada.,Nergigant,Straszliwy Starszy Smok pojawiający się w pobliżu innych Starszych Smoków. Jego zamiłowanie do niszczenia jest dobrze znane.,Нергигант,"Ужасный Древний дракон, появляющийся, когда рядом есть другие древние. Известен своей тягой к разрушениям.",네르기간테,"고룡종이 나타난 곳엔 반드시 나타난다는 소문이 있는 고룡. 몸을 사리지 않고 파괴의 끝에 다다르려 하기에, ≪멸진룡≫이란 별명이 있다.",滅盡龍,據說在古龍種出現之處必定能看到 其現身的古龍。據說會帶來無盡破壞，甚至 完全不顧及自身，所以擁有《滅盡龍》的別稱。,نيرغي,تنين معمِّر بشع يظهر حين تكون التنانين المعمرة الأخرى في أماكن مجاورة.  تُعرف بنزعتها الهائلة للتدمير.
Teostra,Brutal elder dragons wreathed in flames that spit blazing fire. Teostra are of such a fierce and deadly nature that the Guild closely monitors their movements.,テオ・テスカトル,灼熱の息を吐き、炎を纏う凶暴な古龍の雄。 気性は荒く、正面から対峙した者は、 例外なくその業火に身をさらすことになる。,Teostra,Ces féroces dragons anciens couverts de flammes et cracheurs de feu sont si dangereux que la Guilde surveille de très près leur comportement migratoire.,Teostra,I Teostra sono feroci draghi anziani il cui corpo è avvolto da fiamme e che sputano fuoco. Sono così pericolosi che la Gilda deve tenere traccia dei loro spostamenti.,Teostra,"Ein brutaler, in Flammen gehüllter Drachenältester, der Feuer speit. Der Teostra ist derart wild und tödlich, dass die Gilde das Wanderverhalten von möglichst jedem Exemplar im Auge behält.",Teostra,"Dragones ancianos de gran brutalidad, siempre envueltos en llamas y escupiendo fuego puro. Debido a la fiereza y letalidad de los Teostra el gremio estudia con detalle sus movimientos.",Teostra,Dragões anciões brutais envoltos em chamas e que cospem fogo escaldante. Teostra são tão mortais que a Guilda segue seus movimentos.,Teostra,"Brutalny Starszy Smok spowity płomieniami i plujący ogniem. Teostry są tak groźne, że Gildia bacznie obserwuje ich ruchy.",Теостра,"Могучие древние драконы, окутанные пламенем. Они так свирепы и смертоносны, что Гильдия постоянно за ними следит.",테오-테스카토르,작열의 숨을 내뱉으며 불꽃을 두른 난폭한 수컷 고룡. 성격은 거칠어 정면에서 대치한 자는 예외없이 그 업화에 몸을 바치게 될 것이다.,炎王龍,口吐灼熱氣息，身體環繞火焰的兇暴雄性古龍。 個性火爆，正面與其對峙者 都將毫不例外地招來烈火焚身。,تيوسترا,تنانين معمرة وحشية مغطاة باللهب تطلق نيرانًا حارقة من فمها. تتحلى تيوسترا بطبيعة وحشية وقاتلة لدرجة أن النقابة تراقب حركتها عن كثب.
Lunastra,"A rare female Elder Dragon that litters the air with hot blue dust. Reports of it traveling with her mate, Teostra, are still unconfirmed.",ナナ・テスカトリ,粉塵を纏い青き業火を呼ぶ、希少な古龍の雌。 テオ・テスカトルとはつがいであり、 ともに行動する姿を目撃した例もあるという。,Lunastra,"Un dragon ancien femelle incroyablement rare, capable de disperser une poudre bleue explosive. Il paraîtrait qu'elle voyage parfois en compagnie de son partenaire le Teostra.",Lunastra,"Un raro drago anziano femmina, capace di diffondere una bollente polvere blu nell'aria. È solita far coppia con il Teostra.",Lunastra,"Ein unglaublich seltener, weiblicher Drachen- ältester; verteilt heißen blauen Staub in der Luft. Wurde mit dem Gegenstück Teostra gesehen.",Lunastra,"Dragón anciano hembra increíblemente escaso, capaz de esparcir por el aire polvo azul ardiente. Se le ve con el macho de su especie, Teostra.",Lunastra,"Dragoa Anciã rara que empesteia o ar com pó azul quente. Segundo informes incertos, ela viaja com seu consorte, o Teostra.",Lunastra,"Rzadki żeński Starszy Smok, rozrzucający gorący błękitny pył. Wciąż nie potwierdzono doniesień, że wędruje z partnerem, Teostrą.",Лунастра,"Редкая древняя драконица, способная рассеивать горячую голубую пыль. Говорят, ее видели с партнером — теострой.",나나-테스카토리,"분진과 푸른 불길의 희귀한 고룡 암컷. 테오-테스카토르와 한 쌍을 이루며, 함께 행동하는 모습이 목격된 적 있다.",炎妃龍,身體纏繞著粉塵，稱之為藍色業火的稀少 雌性古龍。與炎王龍是雌雄一對， 所以也有目擊到共同行動時的身影的案例。,لوناسترا,أنثى تنين معمِّر نادرة تشوش الهواء بغبار أزرق ساخن. التقارير حول تنقلها مع رفيقها تيوسترا لا تزال غير مؤكدة.
Kushala Daora,"An elder dragon that shields itself with fierce winds, preventing anyone from approaching it. Its skin consists of hard, metallic scales.",クシャルダオラ,風を纏い嵐を呼び、側に何者も近寄らせない という古龍。別名≪鋼龍≫とも呼ばれており、 硬度の高い金属質の外殻が全身を覆っている。,Kushala Daora,Un dragon ancien protégé par des vents violents qui empêchent quiconque de l'approcher. Sa peau est recouverte d'écailles métalliques très dures.,Kushala Daora,"Un drago anziano che si ripara dietro forti raffiche di vento, impedendo a chiunque di avvicinarsi. La sua pelle è ricoperta da dure scaglie metalliche.",Kushala Daora,"Ein Drachenältester, in wilde Winde gehüllt, durch die sich niemand nähern kann. Seine Haut besteht aus harten metallischen Schuppen.",Kushala Daora,Un dragón anciano envuelto en torbellinos de viento que dificultan acercarse a él. Tiene la piel recubierta de duras escamas metálicas.,Kushala Daora,"Um dragão ancião que se protege com ventos fortes, impedindo a aproximação. A pele consiste em escamas metálicas duras.",Kushala Daora,"Starszy Smok spowity silnymi wiatrami, uniemożliwiającymi zbliżenie się do niego. Skórę ma pokrytą twardymi, metalicznymi łuskami.",Кушала-даора,Древний металлический дракон защищенный коконом из яростного ветра.,크샬다오라,바람을 두르고 태풍을 불러 누구도 다가가지 못한다는 고룡. 일명 ≪강룡≫으로도  불리며 딱딱한 금속질 외각이 전신을 뒤덮고 있다.,鋼龍,身體纏繞著呼風喚雨的風暴，是無人能靠近的 古龍。另外有別名叫做《鋼龍》， 全身都包覆著高硬度的金屬性質外殼。,كوشالا داورا,تنين معمر يحمي نفسه برياح عنيفة تمنع أي أحد من الاقتراب. يتكون جلده من قشور معدنية صلبة.
Vaal Hazak,A grotesque elder dragon that inhabits the deepest part of the Rotten Vale. It uses the fatal vapor of the vale in what appears to be a symbiotic relationship.,ヴァルハザク,瘴気の谷の最深部に棲まう古龍。瘴気を利用して 活動しており、消費すると周囲から瘴気を集める 行動を取る等、瘴気とは共生関係にあるようだ。,Vaal Hazak,Un monstrueux dragon ancien qui vit dans les profondeurs du Val putride. Il est en symbiose avec les vapeurs mortelles du val.,Vaal Hazak,Un mostruoso drago anziano che abita nei recessi della Valle putrefatta. Sembra essere in simbiosi con i vapori mefitici e letali della valle.,Vaal Hazak,"Ein grotesker Drachenältester, der im tiefsten Teil des Tals der Verwesung zuhause ist. Er nutzt den tödlichen Schwaden in einer symbiotischen Beziehung.",Vaal Hazak,Un dragón anciano de aspecto grotesco que habita en lo más profundo del Valle Putrefacto. Utiliza los letales efluvios del valle en lo que parece ser una relación simbiótica.,Vaal Hazak,Um dragão ancião grotesco que habita as profundezas do Vale. Usa o vapor fatal do lugar em uma aparente relação simbiótica.,Vaal Hazak,Groteskowy starszy smok zamieszkujący najgłębsze zakątki Gnijącej Doliny. Czerpie siły  ze śmiercionośnych oparów wypełniających dolinę.,Ваал-хазак,"Гротескный Древний дракон, живущий в глубинах Гнилой долины. Ядовитые испарения придают ему силы.",발하자크,"독기의 골짜기 심층부에 서식하는 고룡. 독기를 이용해서 활동하며, 소모하면 주위의 독기를 모으는 등, 독기와 공생 관계인 듯하다.",屍套龍,棲息於瘴氣之谷最深處的古龍。會利用瘴氣 進行活動，消耗之後就會從四周採取收集瘴氣， 和瘴氣之間似乎存在著共生關係。,فال هازاك,تنين معمِّر بشع يعيش في أعمق جزء من الوادي المتعفن. يستخدم الغبار القاتل في الوادي فيما يبدو بأنه علاقة تكافلية.
Kulve Taroth,"An elder dragon that protects itself with a glittering coat of metal. Its ecology and coat differ with each appearance, thus the need for a thorough investigation.",マム・タロト,光り輝く金属を身に纏う巨大な古龍。その生態や 纏っている金属は個体ごとに違いが見られるため 機会が訪れた際には徹底した調査を行いたい。,Kulve Taroth,"Un dragon ancien protégé par un manteau de métal étincelant qui change à chaque apparition, d'où la nécessité de mener des enquêtes approfondies.",Kulve Taroth,"Un drago anziano che si protegge ricoprendosi di metalli. Il suo rivestimento è diverso a ogni sua apparizione, quindi necessita di uno studio molto approfondito.",Kulve Taroth,"Eine Drachenälteste, die sich mit einer glitzernden Metallschicht schützt. Ihre Ökologie und ihr Fell ändern sich mit jedem Auftreten, daher die sorgfältige Untersuchung.",Kulve Taroth,Dragón anciano que se protege a sí misma con una brillante coraza metálica. Su ecología y el material que la recubre varían en cada aparición: de ahí que sea tan importante investigar más.,Kulve Taroth,"Dragão ancião que se protege com sua capa de metal reluzente. Apresenta uma capa diferente em cada aparição, por isso precisa ser investigado minuciosamente.",Kulve Taroth,"Cechy tego Starszego Smoka oraz właściwości jej lśniącej osłony z metali są zmienne, co wymaga przeprowadzenia dokładnych badań i śledztwa na jej temat.",Кулве тарот,"Древний дракон, защищенный сверкающим металлическим покрытием. Его повадки и тип шкуры всякий раз разные, поэтому необходимо тщательное расследование.",맘-타로트,빛나는 금속을 몸에 두른 거대한 고룡. 생태와 두르고 있는 금속이 개체별로 다르기 때문에 기회가 있을 때 철저히 조사해 두는 게 좋다.,絢輝龍,全身包覆住閃亮金屬的巨大古龍。那生態 及包覆在身上的金屬，每一個體看起來都不一樣， 如果有機會，想進行徹底調查。,كولف تاروث,تنين معمِّر يحمي نفسه بمعطف لامع معدني. يختلف تكيّفه ومعطفه مع الهيئة، مما يتطلب استقصاءً دقيقًا.
Xeno'jiiva,"A new species discovered in the depths of the Elder's Recess. Its relationship to the other elder dragons is unclear, as is its ecology.",ゼノ・ジーヴァ,龍結晶の地深部で存在が確認された新種の古龍。 因果関係は不明だが、周辺では老いた他の古龍の 目撃情報が相次ぐなど、生態には未だ謎が多い。,Xeno'jiiva,Une nouvelle espèce de wyverne découverte dans les profondeurs de la Terre des anciens. Son écologie ainsi que sa relation avec les autres dragons reste encore un mystère.,Xeno'jiiva,"Una nuova specie rinvenuta nelle profondità della Landa dei cristalli. Non si hanno molte informazioni né riguardo il suo collegamento con i draghi anziani, né sulla sua biologia.",Xeno'jiiva,"Eine neue Spezies, in den Tiefen der Heimat der Ältesten gefunden. Ihre Verbindung zu anderen Drachenältesten ist so unklar wie ihre Ökologie.",Xeno'jiiva,Nueva especie descubierta en las profundidades del Lecho de los Ancianos. Ni su relación con los otros dragones ancianos ni su ecología están claras.,Xeno'jiiva,Nova espécie descoberta nas profundezas da Fenda do Ancião. Sua relação com o outro dragão ancião e sua ecologia são incertas.,Xeno'jiiv,"Nowy gatunek odkryty w Zaciszu Starszych. Nie wiadomo, co łączy go z innymi Starszymi Smokami i jaka jest jego ekologia.",Ксено'джиива,В глубинах убежища древнего обнаружен новый вид. О его повадках и связях с другими древними драконами ничего не известно.,제노-지바,"용결정의 땅 심층부에서 확인된 신종 고룡. 인과 관계는 알 수 없지만 주변에서 늙은 고룡 목격이 잇따르는 등, 아직 수수께끼가 많다.",冥燈龍,在龍結晶之地深部確認存在的新種古龍。 雖然因果關係不明，但周圍曾多次目擊到 其他老年古龍，其生態仍是一團謎。,زينوجيفا,فصائل جديدة اكتُشفت في أعماق مخبأ التنين المعمِّر. علاقتها بالتنانين المعمرة الأخرى غير مفهومة تمامًا مثل المسح البيئي.
Behemoth,A powerful beast from another world. Its large horns and muscular frame defy nature. Unique strategies are required to battle it.,,,,,,,,,,,,,,,,,,,,,,
Gajalaka,,ガジャブー,,Gajalaka,,Gajalaka,,Gajalaka,,Gajalaka,,Gajalaka,,Gajalaka,,Гаялака,,가쟈부,,奇面族,,غاجالاكا,
Leshen,"Dwelling deep inside the forest, these creatures use their innate magic to control all flora and fauna within their territory. Revolures and Jagras controlled by a leshen are tough to approach, but the Igni Sign is very useful in fending off leshen's lashing roots.",,,,,,,,,,,,,,,,,,,,
Ancient Leshen.," An old leshen that arrived through a portal to assume control of the Ancient Forest. Sometimes revered as an indigenous deity. Ancient Leshens use their wisdom and tactical knowledge to curse hunters and send packs of wild Jagras after them.",,,,,,,,,,,,,,,,,,,,
