name_en,name_ja,name_fr,name_it,name_de,name_es,name_pt,name_pl,name_ru,name_ko,name_zh,name_ar
Leather,レザー,Cuir,Cuoio,Leder-Set,Cuero,Couro,Skórzany,Кожаный,레더,皮製,جلدي
Chainmail,チェーン,Mailles,Maglia,Ketten-Set,Malla,Cota de Malha,Kolczy,Кольчужный,체인,鎖甲,فولاذي
Hunter's,ハンター,Chasseur,Cacciatore,Jäger-Set,Cazador,do Caçador,Łowcy,Охотничий,헌터,獵人,خاص بالصيّاد
Bone,ボーン,Os,Osso,Knochen-Set,Hueso,Osso,Kościany,Кость,본,骨製,عظمي
Vespoid,ランゴ,Vespoid,Vespoid,Vespoid-Set,Vespoid,Vespoidea,Vespoida,Осоид,랑고,巨蜂,فيسبويد
Kestodon,ケスト,Kestodon,Kestodon,Kestodon-Set,Kestodon,Kestodonte,Kestodona,Кестодон,케스토,冠突龍,كيستودون
Gajau,ガライー,Gajau,Gajau,Gajau-Set,Gajau,Gajau,Gajau,Гаджау,가쟈우,咬魚,غاجاو
Jagras,ジャグラス,Jagras,Jagras,Jagras-Set,Jagras,Jagras,Jagrasa,Яграс,쟈그라스,凶豺龍,جاغراس
Kulu,クルル,Kulu-Ya-Ku,Kulu,Kulu-Set,Kulu,Kulu,Kulu,Кулу,쿠루루,搔鳥,كولو
Alloy,アロイ,Alliage,Lega,Legierungs-Set,Aleación,Liga Leve,Stopu,Литье,얼로이,合金,خليط معدني
Pukei,プケプケ,Pukei-Pukei,Pukei,Pukei-Set,Pukei,Pukei,Pukei,Поки,푸케푸케,毒妖鳥,بوكي
Barroth,ボロス,Barroth,Barroth,Barroth-Set,Barroth,Barroth,Barrotha,Баррот,보로스,土砂龍,باروث
Jyura,ジュラ,Jyuratodus,Jyura,Jyuratodus-Set,Jyura,Jyura,Jyura,Юратод,쥬라,泥魚龍,جيورا
Kadachi,カガチ,Tobi-Kadachi,Kadachi,Kadachi-Set,Kadachi,Kadachi,Kadachi,Кадачи,카가치,飛雷龍,كاداتشي
High Metal,ハイメタ,Haut-métal,Ipermetallo,Hochmetall-Set,Megametal,Metal Denso,Metalu,Высший металл,하이메탈,礦石,معدن قوي
King Beetle,オウビート,Scarabée,Scarabeo,Königskäfer-Set,Rey escarabajo,Besouro-rei,Żuka królewskiego,Королевский жук,킹비트,獨角仙,الخنفساء الملك
Shamos,シャム,Shamos,Shamos,Shamos-Set,Shamos,Shamos,Shamosa,Шамос,샤무,貓蜥龍,شاموس
Hornetaur,タロス,Hornetaur,Hornetaur,Hornetaur-Set,Hornetaur,Chifrotauro,Hornetaura,Роготавр,타로스,巨甲蟲,هورنتور
Anja,ジャナフ,Anjanath,Anja,Anjanath-Set,Anja,Anja,Anja,Анджи,쟈나프,蠻顎龍,أنجا
Rathian,レイア,Rathian,Rathian,Rathian-Set,Rathian,Rathian,Rathiany,Ратиана,레이아,雌火龍,راثيان
Tzitzi,ツィツィ,Tzitzi-Ya-Ku,Tzitzi,Tzitzi-Set,Tzitzi,Tzitzi,Tzitzi,Цици,치치,眩鳥,تسيتسي
Lumu,ウルムー,Paolumu,Lumu,Paolumu-Set,Lumu,Lumu,Lumu,Луму,우르무,浮空龍,لومو
Girros,ギルオス,Girros,Girros,Girros-Set,Girros,Girros,Girrosa,Гиррос,기르오스,凶顎龍,غيروس
Baan,バルキン,Radobaan,Baan,Baan-Set,Baan,Baan,Baana,Баан,발킨,骨鎚龍,بان
Ingot,インゴット,Lingot,Lingotto,Guss-Set,Lingotes,Lingote,Sztabek,Драгоценный,잉곳,鑄鐵,إنغوت
Death Stench,デスギア,Putride,Putrefatto,Todesgestank-Set,Pestilente,Putrefato,Rozkładu,Зловоние смерти,데스기어,死神,رائحة الموت
Brigade,ブリゲイド,Brigade,Brigata,Brigade-Set,Brigada,Brigada,Brygady,Почетный,브리게이드,旅團,السرية
Legiana,ギエナ,Legiana,Legiana,Legiana-Set,Legiana,Legiana,Legiany,Легиана,기에나,風漂龍,ليغيانا
Odogaron,ガロン,Odogaron,Odogaron,Odogaron-Set,Odogaron,Odogaron,Odogarona,Одогарон,가론,慘爪龍,أودوغارون
Rathalos,レウス,Rathalos,Rathalos,Rathalos-Set,Rathalos,Rathalos,Rathalosa,Раталос,레우스,火龍,راذالوس
Diablos,ディアブロ,Diablos,Diablos,Diablos-Set,Diablos,Diablos,Diablosa,Диаблос,디아블로,角龍,ديابلوس
Kirin,キリン,Kirin,Kirin,Kirin-Set,Kirin,Kirin,Kirina,Кирин,키린,麒麟,كيرين
Blossom,ブロッサム,Printemps,Floreale,Blüten-Set,Flores,Florescer,Kwiecia,Цветок,블로섬,巴魯特,الربيع
Diver,ダイバー,Plongée,Sommozzatore,Taucher-Set,Buceo,Mergulhador,Nurka,Ныряльщик,다이버,潛水夫,الغواص
Harvest,ハーベスト,Récolte,Raccolto,Ernte-Set,Cosecha,Safra,Zbiorów,Урожай,하베스트,收穫,الحصاد
Orion,オリオン,Orion,Orione,Orion-Set,Orión,Órion,Oriona,Орион,오리온,獵戶星,أوريون
Gala Suit,フルドレス,Gala,Gran galà,Galaanzug-Set,Traje de gala,Traje de Gala,Strój galowy,Костюм гала-концерта,풀드레스,盛裝,بذلة المهرجان
Butterfly,パピオム,Papillon,Farfalla,Schmetterling-Set,Mariposa,Borboleta,Motyla,Бабочка,파피옴,燕尾蝶男,فراشة
Leather α,レザーα,Cuir α,Cuoio α,Leder-Set α,Cuero α,Couro α,Skórzany α,Кожаный α,레더α,皮製α,جلدي α
Leather β,レザーβ,Cuir β,Cuoio β,Leder-Set β,Cuero β,Couro β,Skórzany β,Кожаный β,레더β,皮製β,جلدي β
Chainmail α,チェーンα,Mailles α,Maglia α,Ketten-Set α,Malla α,Cota de Malha α,Kolczy α,Кольчужный α,체인α,鎖甲α,فولاذي α
Chainmail β,チェーンβ,Mailles β,Maglia β,Ketten-Set β,Malla β,Cota de Malha β,Kolczy β,Кольчужный β,체인β,鎖甲β,فولاذي β
Hunter's α,ハンターα,Chasseur α,Cacciatore α,Jäger-Set α,Cazador α,do Caçador α,Łowcy α,Охотничий α,헌터α,獵人α,خاص بالصيّاد α
Hunter's β,ハンターβ,Chasseur β,Cacciatore β,Jäger-Set β,Cazador β,do Caçador β,Łowcy β,Охотничий β,헌터β,獵人β,خاص بالصيّاد β
Bone α,ボーンα,Os α,Osso α,Knochen-Set α,Hueso α,Osso α,Kościany α,Костяной α,본α,骨製α,عظمي α
Bone β,ボーンβ,Os β,Osso β,Knochen-Set β,Hueso β,Osso β,Kościany β,Костяной β,본β,骨製β,عظمي β
Alloy α,アロイα,Alliage α,Lega α,Legierungs-Set α,Aleación α,Liga Leve α,Stopu α,Литой α,얼로이α,合金α,خليط معدني α
Alloy β,アロイβ,Alliage β,Lega β,Legierungs-Set β,Aleación β,Liga Leve β,Stopu β,Литой β,얼로이β,合金β,خليط معدني β
King Beetle α,オウビートα,Scarabée α,Scarabeo α,Königskäfer-Set α,Rey escarabajo α,Besouro-rei α,Żuka królewskiego α,Королевский жук α,킹비트α,獨角仙α,الخنفساء الملك α
King Beetle β,オウビートβ,Scarabée β,Scarabeo β,Königskäfer-Set β,Rey escarabajo β,Besouro-rei β,Żuka królewskiego β,Королевский жук β,킹비트β,獨角仙β,الخنفساء الملك β
Vespoid α,ランゴα,Vespoid α,Vespoid α,Vespoid-Set α,Vespoid α,Vespoidea α,Vespoida α,Осоид α,랑고α,巨蜂α,فيسبويد α
Vespoid β,ランゴβ,Vespoid β,Vespoid β,Vespoid-Set β,Vespoid β,Vespoidea β,Vespoida β,Осоид β,랑고β,巨蜂β,فيسبويد β
Hornetaur α,タロスα,Hornetaur α,Hornetaur α,Hornetaur-Set α,Hornetaur α,Chifrotauro α,Hornetaura α,Роготавр α,타로스α,巨甲蟲α,هورنتور α
Hornetaur β,タロスβ,Hornetaur β,Hornetaur β,Hornetaur-Set β,Hornetaur β,Chifrotauro β,Hornetaura β,Роготавр β,타로스β,巨甲蟲β,هورنتور β
Mosswine Mask α,モスフェイクα,Mosswine α,Mosswine α,Mosswine-Set α,Careta Musgorrino α,Máscara Musgoíno α,Mchoświni α,Маска мохосвина α,모스페이크α,菌豬頭套α,قناع موسواين α
Kestodon α,ケストα,Kestodon α,Kestodon α,Kestodon-Set α,Kestodon α,Kestodonte α,Kestodona α,Кестодон α,케스토α,冠突龍α,كيستودون α
Kestodon β,ケストβ,Kestodon β,Kestodon β,Kestodon-Set β,Kestodon β,Kestodonte β,Kestodona β,Кестодон β,케스토β,冠突龍β,كيستودون β
Gajau α,ガライーα,Gajau α,Gajau α,Gajau-Set α,Gajau α,Gajau α,Gajau α,Гаджау α,가쟈우α,咬魚α,غاجاو α
Gajau β,ガライーβ,Gajau β,Gajau β,Gajau-Set β,Gajau β,Gajau β,Gajau β,Гаджау β,가쟈우β,咬魚β,غاجاو β
Shamos α,シャムα,Shamos α,Shamos α,Shamos-Set α,Shamos α,Shamos α,Shamosa α,Шамос α,샤무α,貓蜥龍α,شاموس α
Shamos β,シャムβ,Shamos β,Shamos β,Shamos-Set β,Shamos β,Shamos β,Shamosa β,Шамос β,샤무β,貓蜥龍β,شاموس β
Jagras α,ジャグラスα,Jagras α,Jagras α,Jagras-Set α,Jagras α,Jagras α,Jagrasa α,Яграс α,쟈그라스α,凶豺龍α,جاغراس α
Jagras β,ジャグラスβ,Jagras β,Jagras β,Jagras-Set β,Jagras β,Jagras β,Jagrasa β,Яграс β,쟈그라스β,凶豺龍β,جاغراس β
Kulu α,クルルα,Kulu-Ya-Ku α,Kulu α,Kulu-Set α,Kulu α,Kulu α,Kulu α,Кулу α,쿠루루α,搔鳥α,كولو α
Kulu β,クルルβ,Kulu-Ya-Ku β,Kulu β,Kulu-Set β,Kulu β,Kulu β,Kulu β,Кулу β,쿠루루β,搔鳥β,كولو β
Tzitzi α,ツィツィα,Tzitzi-Ya-Ku α,Tzitzi α,Tzitzi-Set α,Tzitzi α,Tzitzi α,Tzitzi α,Цици α,치치α,眩鳥α,تسيتسي α
Tzitzi β,ツィツィβ,Tzitzi-Ya-Ku β,Tzitzi β,Tzitzi-Set β,Tzitzi β,Tzitzi β,Tzitzi β,Цици β,치치β,眩鳥β,تسيتسي β
Girros α,ギルオスα,Girros α,Girros α,Girros-Set α,Girros α,Girros α,Girrosa α,Гиррос α,기르오스α,凶顎龍α,غيروس α
Girros β,ギルオスβ,Girros β,Girros β,Girros-Set β,Girros β,Girros β,Girrosa β,Гиррос β,기르오스β,凶顎龍β,غيروس β
Pukei α,プケプケα,Pukei-Pukei α,Pukei α,Pukei-Set α,Pukei α,Pukei α,Pukei α,Поки α,푸케푸케α,毒妖鳥α,بوكي α
Pukei β,プケプケβ,Pukei-Pukei β,Pukei β,Pukei-Set β,Pukei β,Pukei β,Pukei β,Поки β,푸케푸케β,毒妖鳥β,بوكي β
Barroth α,ボロスα,Barroth α,Barroth α,Barroth-Set α,Barroth α,Barroth α,Barrotha α,Баррот α,보로스α,土砂龍α,باروث α
Barroth β,ボロスβ,Barroth β,Barroth β,Barroth-Set β,Barroth β,Barroth β,Barrotha β,Баррот β,보로스β,土砂龍β,باروث β
Anja α,ジャナフα,Anjanath α,Anja α,Anjanath-Set α,Anja α,Anja α,Anja α,Анджи α,쟈나프α,蠻顎龍α,أنجا α
Anja β,ジャナフβ,Anjanath β,Anja β,Anjanath-Set β,Anja β,Anja β,Anja β,Анджи β,쟈나프β,蠻顎龍β,أنجا β
Jyura α,ジュラα,Jyuratodus α,Jyura α,Jyuratodus-Set α,Jyura α,Jyura α,Jyura α,Юратод α,쥬라α,泥魚龍α,جيورا α
Jyura β,ジュラβ,Jyuratodus β,Jyura β,Jyuratodus-Set β,Jyura β,Jyura β,Jyura β,Юратод β,쥬라β,泥魚龍β,جيورا β
Kadachi α,カガチα,Tobi-Kadachi α,Kadachi α,Kadachi-Set α,Kadachi α,Kadachi α,Kadachi α,Кадачи α,카가치α,飛雷龍α,كاداتشي α
Kadachi β,カガチβ,Tobi-Kadachi β,Kadachi β,Kadachi-Set β,Kadachi β,Kadachi β,Kadachi β,Кадачи β,카가치β,飛雷龍β,كاداتشي β
Lumu α,ウルムーα,Paolumu α,Lumu α,Paolumu-Set α,Lumu α,Lumu α,Lumu α,Луму α,우르무α,浮空龍α,لومو α
Lumu β,ウルムーβ,Paolumu β,Lumu β,Paolumu-Set β,Lumu β,Lumu β,Lumu β,Луму β,우르무β,浮空龍β,لومو β
Rathian α,レイアα,Rathian α,Rathian α,Rathian-Set α,Rathian α,Rathian α,Rathiany α,Ратиана α,레이아α,雌火龍α,راثيان α
Rathian β,レイアβ,Rathian β,Rathian β,Rathian-Set β,Rathian β,Rathian β,Rathiany β,Ратиана β,레이아β,雌火龍β,راثيان β
Rath Heart α,リオハートα,Cœur Rathian α,Cuore di Rath α,Rathianherz-Set α,Corazón Rath α,Coração Rath α,Serca Ratha α,Сердце раты α,리오하트α,火龍心α,قلب راث α
Rath Heart β,リオハートβ,Cœur Rathian β,Cuore di Rath β,Rathianherz-Set β,Corazón Rath β,Coração Rath β,Serca Ratha β,Сердце раты β,리오하트β,火龍心β,قلب راث β
Baan α,バルキンα,Radobaan α,Baan α,Baan-Set α,Baan α,Baan α,Baana α,Баан α,발킨α,骨鎚龍α,بان α
Baan β,バルキンβ,Radobaan β,Baan β,Baan-Set β,Baan β,Baan β,Baana β,Баан β,발킨β,骨鎚龍β,بان β
Gastodon α,ガストα,Gastodon α,Gastodon α,Gastodon-Set α,Gastodon α,Gastodonte α,Gastodona α,Гастодон α,가스토α,突擊龍α,غاستودون α
Gastodon β,ガストβ,Gastodon β,Gastodon β,Gastodon-Set β,Gastodon β,Gastodonte β,Gastodona β,Гастодон β,가스토β,突擊龍β,غاستودون β
Barnos α,バルノスα,Barnos α,Barnos α,Barnos-Set α,Barnos α,Barnos α,Barnosa α,Барнос α,바르노스α,酸翼龍α,بارنوس α
Barnos β,バルノスβ,Barnos β,Barnos β,Barnos-Set β,Barnos β,Barnos β,Barnosa β,Барнос β,바르노스β,酸翼龍β,بارنوس β
Dodogama α,ガマルα,Dodogama α,Dodogama α,Dodogama-Set α,Dodogama α,Dodogama α,Dodogamy α,Додогама α,가마루α,岩賊龍α,دودوغما α
Dodogama β,ガマルβ,Dodogama β,Dodogama β,Dodogama-Set β,Dodogama β,Dodogama β,Dodogamy β,Додогама β,가마루β,岩賊龍β,دودوغما β
Zorah α,ゾラマグナα,Zorah Magdaros α,Zorah α,Zorah-Set α,Zorah α,Zorah α,Zoraha α,Дзора α,조라마그나α,鑄島熔岩α,زوراه α
Zorah β,ゾラマグナβ,Zorah Magdaros β,Zorah β,Zorah-Set β,Zorah β,Zorah β,Zoraha β,Дзора β,조라마그나β,鑄島熔岩β,زوراه β
High Metal α,ハイメタα,Haut-métal α,Ipermetallo α,Hochmetall-Set α,Megametal α,Metal Denso α,Metalu α,Высший металл α,하이메탈α,礦石α,معدن قوي α
High Metal β,ハイメタβ,Haut-métal β,Ipermetallo β,Hochmetall-Set β,Megametal β,Metal Denso β,Metalu β,Высший металл β,하이메탈β,礦石β,معدن قوي β
Ingot α,インゴットα,Lingot α,Lingotto α,Guss-Set α,Lingote α,Lingote α,Sztabek α,Драгоценный α,잉곳α,鑄鐵α,إنغوت α
Ingot β,インゴットβ,Lingot β,Lingotto β,Guss-Set β,Lingote β,Lingote β,Sztabek β,Драгоценный β,잉곳β,鑄鐵β,إنغوت β
Brigade α,ブリゲイドα,Brigade α,Brigata α,Brigade-Set α,Brigada α,Brigada α,Brygady α,Почетный α,브리게이드α,旅團α,السرية α
Brigade β,ブリゲイドβ,Brigade β,Brigata β,Brigade-Set β,Brigada β,Brigada β,Brygady β,Почетный β,브리게이드β,旅團β,السرية β
Faux Felyne α,アイルーフェイクα,Faux Felyne α,Felyne fasullo α,Falscher-Felyne-Set α,Falso Felyne α,Felyno Falso α,Pseudofelina α,Фальшивый котт α,아이루페이크α,艾路頭套α,فيلاين مزيف α
Strategist α,知略の眼鏡α,Stratège α,Stratega α,Strategiker-Set α,Estratega α,Estrategista α,Stratega α,Стратег α,지략의안경α,知性眼鏡α,استراتيجي α
Lavasioth α,ラヴァα,Lavasioth α,Lavasioth α,Lavasioth-Set α,Lavasioth α,Lavasioth α,Lavasiotha α,Лавасиот α,라바α,熔岩龍α,لافاسيوث α
Lavasioth β,ラヴァβ,Lavasioth β,Lavasioth β,Lavasioth-Set β,Lavasioth β,Lavasioth β,Lavasiotha β,Лавасиот β,라바β,熔岩龍β,لافاسيوث β
Legiana α,ギエナα,Legiana α,Legiana α,Legiana-Set α,Legiana α,Legiana α,Legiany α,Легиана α,기에나α,風漂龍α,ليغيانا α
Legiana β,ギエナβ,Legiana β,Legiana β,Legiana-Set β,Legiana β,Legiana β,Legiany β,Легиана β,기에나β,風漂龍β,ليغيانا β
Odogaron α,ガロンα,Odogaron α,Odogaron α,Odogaron-Set α,Odogaron α,Odogaron α,Odogarona α,Одогарон α,가론α,慘爪龍α,أودوغارون α
Odogaron β,ガロンβ,Odogaron β,Odogaron β,Odogaron-Set β,Odogaron β,Odogaron β,Odogarona β,Одогарон β,가론β,慘爪龍β,أودوغارون β
Rathalos α,レウスα,Rathalos α,Rathalos α,Rathalos-Set α,Rathalos α,Rathalos α,Rathalosa α,Раталос α,레우스α,火龍α,راذالوس α
Rathalos β,レウスβ,Rathalos β,Rathalos β,Rathalos-Set β,Rathalos β,Rathalos β,Rathalosa β,Раталос β,레우스β,火龍β,راذالوس β
Rath Soul α,リオソウルα,Âme Rathalos α,Anima di Rath α,Rathalosseelen-Set α,Alma Rath α,Alma de Rath α,Duszy Ratha α,Душа раты α,리오소울α,火龍魂α,روح راث α
Rath Soul β,リオソウルβ,Âme Rathalos β,Anima di Rath β,Rathalosseelen-Set β,Alma Rath β,Alma de Rath β,Duszy Ratha β,Душа раты β,리오소울β,火龍魂β,روح راث β
Diablos α,ディアブロα,Diablos α,Diablos α,Diablos-Set α,Diablos α,Diablos α,Diablosa α,Диаблос α,디아블로α,角龍α,ديابلوس α
Diablos β,ディアブロβ,Diablos β,Diablos β,Diablos-Set β,Diablos β,Diablos β,Diablosa β,Диаблос β,디아블로β,角龍β,ديابلوس β
Diablos Nero α,ディアネロα,Diablos noire α,Diablos nera α,Diablos-Nero-Set α,Diablos Negra α,Diablos Negra α,Czarnej Diabli α,Жуткая диаблос α,디아네로α,暴君角龍α,نيرو ديابلوس α
Diablos Nero β,ディアネロβ,Diablos noire β,Diablos nera β,Diablos-Nero-Set β,Diablos Negra β,Diablos Negra β,Czarnej Diabli β,Жуткая диаблос β,디아네로β,暴君角龍β,نيرو ديابلوس β
Uragaan α,ガンキンα,Uragaan α,Uragaan α,Uragaan-Set α,Uragaan α,Uragaan α,Uragaana α,Урагаан α,간킨α,爆鎚龍α,أوراغان α
Uragaan β,ガンキンβ,Uragaan β,Uragaan β,Uragaan-Set β,Uragaan β,Uragaan β,Uragaana β,Урагаан β,간킨β,爆鎚龍β,أوراغان β
Bazel α,バゼルα,Bazelgeuse α,Bazel α,Bazel-Set α,Bazel α,Bazel α,Bazela α,Базель α,바젤α,爆鱗龍α,بازيل α
Bazel β,バゼルβ,Bazelgeuse β,Bazel β,Bazel-Set β,Bazel β,Bazel β,Bazela β,Базель β,바젤β,爆鱗龍β,بازيل β
Damascus α,ダマスクα,Damascus α,Damasco α,Damaskus-Set α,Damasco α,Damascus α,Damasceński α,Дамасск α,다마스크α,大馬士革α,دمشق α
Damascus β,ダマスクβ,Damascus β,Damasco β,Damaskus-Set β,Damasco β,Damascus β,Damasceński β,Дамасск β,다마스크β,大馬士革β,دمشق β
Dober α,ドーベルα,Dober α,Dober α,Dober-Set α,Dober α,Dober α,Dobera α,Добер α,도베르α,杜賓α,دوبر α
Dober β,ドーベルβ,Dober β,Dober β,Dober-Set β,Dober β,Dober β,Dobera β,Добер β,도베르β,杜賓β,دوبر β
Death Stench α,デスギアα,Putride α,Putrefatto α,Todesgestank-Set α,Pestilente α,Putrefato α,Rozkładu α,Зловоние смерти α,데스기어α,死神α,رائحة الموت α
Death Stench β,デスギアβ,Putride β,Putrefatto β,Todesgestank-Set β,Pestilente β,Putrefato β,Rozkładu β,Зловоние смерти β,데스기어β,死神β,رائحة الموت β
Skull α,スカルα,Crâne α,Scheletrico α,Schädel-Set α,Calavera α,Caveira α,Czaszki α,Череп α,스컬α,骷髏α,الجمجمة α
Nergigante α,オーグα,Nergigante α,Nergigante α,Nergigante-Set α,Nergigante α,Nergigante α,Nergiganta α,Нергигант α,오그α,戰紋α,نيرغي α
Nergigante β,オーグβ,Nergigante β,Nergigante β,Nergigante-Set β,Nergigante β,Nergigante β,Nergiganta β,Нергигант β,오그β,戰紋β,نيرغي β
Teostra α,カイザーα,Kaiser α,Kaiser α,Kaiser-Set α,Káiser α,Teostra α,Teostry α,Теостра α,카이저α,帝王α,تيوسترا α
Teostra β,カイザーβ,Kaiser β,Kaiser β,Kaiser-Set β,Káiser β,Teostra β,Teostry β,Теостра β,카이저β,帝王β,تيوسترا β
Kushala α,クシャナα,Kushala Daora α,Kushala α,Kushala-Set α,Kushala α,Kushala α,Kushali α,Кушала α,크샤나α,鋼龍α,كوشالا α
Kushala β,クシャナβ,Kushala Daora β,Kushala β,Kushala-Set β,Kushala β,Kushala β,Kushali β,Кушала β,크샤나β,鋼龍β,كوشالا β
Vaal Hazak α,ウルズα,Vaal Hazak α,Vaal Hazak α,Vaal-Hazak-Set α,Vaal Hazak α,Vaal Hazak α,Vaal Hazaka α,Ваал-хазак α,우르즈α,烏爾德α,فال هازاك α
Vaal Hazak β,ウルズβ,Vaal Hazak β,Vaal Hazak β,Vaal-Hazak-Set β,Vaal Hazak β,Vaal Hazak β,Vaal Hazaka β,Ваал-хазак β,우르즈β,烏爾德β,فال هازاك β
Kirin α,キリンα,Kirin α,Kirin α,Kirin-Set α,Kirin α,Kirin α,Kirina α,Кирин α,키린α,麒麟α,كيرين α
Kirin β,キリンβ,Kirin β,Kirin β,Kirin-Set β,Kirin β,Kirin β,Kirina β,Кирин β,키린β,麒麟β,كيرين β
Xeno'jiiva α,ゼノラージα,Xeno'jiiva α,Xeno'jiiva α,Xeno'jiiva-Set α,Xeno'jiiva α,Xeno'jiiva α,Xeno'jiiva α,Ксено'джиива α,제노라지α,冥燈幽火α,زينوجيفا α
Xeno'jiiva β,ゼノラージβ,Xeno'jiiva β,Xeno'jiiva β,Xeno'jiiva-Set β,Xeno'jiiva β,Xeno'jiiva β,Xeno'jiiva β,Ксено'джиива β,제노라지β,冥燈幽火β,زينوجيفا β
Guild Cross α,ギルドクロスα,Croix de Guilde α,Gilda α,Gildenkreuz-Set α,Cruz gremial α,Cruz de Guilda α,Krzyża Gildii α,Крест гильдии α,길드크로스α,公會十字α,شكل للنقابة α
Guild Cross β,ギルドクロスβ,Croix de Guilde β,Gilda β,Gildenkreuz-Set β,Cruz gremial β,Cruz de Guilda β,Krzyża Gildii β,Крест гильдии β,길드크로스β,公會十字β,شكل للنقابة β
Dragonking α,竜王の隻眼α,Roi-Dragon α,Re drago α,Drachenkönig-Set α,Rey dragón α,Dragão-rei α,Smoczego króla α,Драконий король α,용왕의 척안α,龍王的獨眼α,الملك التنين α
Commission α,シーカーα,Commission α,Commissione α,Kommissionsset α,Comisión α,Comissão α,Komisji α,Экспедиция α,시커α,追蹤者α,اللجنة α
Commission β,シーカーβ,Commission β,Commissione β,Kommissionsset β,Comisión β,Comissão β,Komisji β,Экспедиция β,시커β,追蹤者β,اللجنة β
Deviljho α,バンギスα,Deviljho α,Deviljho α,Dämonjho-Set α,Deviljho α,Deviljho α,Deviljho α,Девильо α,반기스α,殘虐α,ديفيلجو α
Deviljho β,バンギスβ,Deviljho β,Deviljho β,Dämonjho-Set β,Deviljho β,Deviljho β,Deviljho β,Девильо β,반기스β,殘虐β,ديفيلجو β
Kulve Taroth α,マムガイラα,Kulve Taroth α,Kulve Taroth α,Kulve-Taroth-Set α,Kulve Taroth α,Kulve Taroth α,Kulve Taroth α,Кулве тарот α,맘가이라α,絢輝龍鎧羅α,كولف تاروث α
Kulve Taroth β,マムガイラβ,Kulve Taroth β,Kulve Taroth β,Kulve-Taroth-Set β,Kulve Taroth β,Kulve Taroth β,Kulve Taroth β,Кулве тарот β,맘가이라β,絢輝龍鎧羅β,كولف تاروث β
Lunastra α,エンプレスα,Imperatrix α,Imperatrice α,Kaiserin-Set α,Lunastra α,Lunastra α,Lunastry α,Лунастра α,엠프리스α,皇后α,لوناسترا α
Lunastra β,エンプレスβ,Imperatrix β,Imperatrice β,Kaiserin-Set β,Lunastra β,Lunastra β,Lunastry β,Лунастра β,엠프리스β,皇后β,لوناسترا β
Blossom α,ブロッサムα,Printemps α,Floreale α,Blüten-Set α,Flores α,Florescer α,Kwiecia α,Цветок α,블로섬α,巴魯特α,الربيع α
Diver α,ダイバーα,Plongée α,Sommozzatore α,Taucher-Set α,Buceo α,Mergulhador α,Nurka α,Ныряльщик α,다이버α,潛水夫α,الغواص α
Harvest α,ハーベストα,Récolte α,Raccolto α,Ernte-Set α,Cosecha α,Safra α,Zbiorów α,Урожай α,하베스트α,收穫α,الحصاد α
Orion α,オリオンα,Orion α,Orione α,Orion-Set α,Orión α,Órion α,Oriona α,Орион α,오리온α,獵戶星α,أوريون α
Gala Suit α,フルドレスα,Gala α,Gran galà α,Galaanzug-Set α,Traje de gala α,Traje de Gala α,Strój galowy α,Костюм гала-концерта α,풀드레스α,盛裝α,بذلة المهرجان α
Butterfly α,パピオムα,Papillon α,Farfalla α,Schmetterling-Set α,Mariposa α,Borboleta α,Motyla α,Бабочка α,파피옴α,燕尾蝶男α,الفراشة α
Butterfly β,パピオムβ,Papillon β,Farfalla β,Schmetterling-Set β,Mariposa β,Borboleta β,Motyla β,Бабочка β,파피옴β,燕尾蝶男β,الفراشة β
Vaal Hazak γ,ウルズγ,Vaal Hazak γ,Vaal Hazak γ,Vaal-Hazak-Set γ,Vaal Hazak γ,Vaal Hazak γ,Vaal Hazaka γ,Ваал-хазак γ,우르즈γ,烏爾德γ,فال هازاك γ
Kirin γ,キリンγ,Kirin γ,Kirin γ,Kirin-Set γ,Kirin γ,Kirin γ,Kirina γ,Кирин γ,키린γ,麒麟γ,كيرين γ
Teostra γ,カイザーγ,Kaiser γ,Kaiser γ,Kaiser-Set γ,Káiser γ,Teostra γ,Teostry γ,Теостра γ,카이저γ,帝王γ,تيوسترا γ
Kushala γ,クシャナγ,Kushala Daora γ,Kushala γ,Kushala-Set γ,Kushala γ,Kushala γ,Kushali γ,Кушала γ,크샤나γ,鋼龍γ,كوشالا γ
Nergigante γ,オーグγ,Nergigante γ,Nergigante γ,Nergigante-Set γ,Nergigante γ,Nergigante γ,Nergiganta γ,Нергигант γ,오그γ,戰紋γ,نيرغي γ
Zorah γ,ゾラマグナγ,Zorah Magdaros γ,Zorah γ,Zorah-Set γ,Zorah γ,Zorah γ,Zoraha γ,Дзора γ,조라마그나γ,鑄島熔岩γ,زوراه γ
Xeno'jiiva γ,ゼノラージγ,Xeno'jiiva γ,Xeno'jiiva γ,Xeno'jiiva-Set γ,Xeno'jiiva γ,Xeno'jiiva γ,Xeno'jiiva γ,Ксено'джиива γ,제노라지γ,冥燈幽火γ,زينوجيفا γ
Lunastra γ,エンプレスγ,Imperatrix γ,Imperatrice γ,Kaiserin-Set γ,Lunastra γ,Lunastra γ,Lunastry γ,Лунастра γ,엠프리스γ,皇后γ,لوناسترا γ
Kulve Taroth γ,マムガイラγ,Kulve Taroth γ,Kulve Taroth γ,Kulve-Taroth-Set γ,Kulve Taroth γ,Kulve Taroth γ,Kulve Taroth γ,Кулве тарот γ,맘가이라γ,絢輝龍鎧羅γ,كولف تاروث γ
Azure Starlord α,蒼星ノ将α,Paladin des étoiles α,Sommo celeste α,Azurstern-Gebieter-Set α,Rey celestial α,Senhor Estelar Lazúli α,Pan Lazurowej Gwiazdy α,Звездный лорд α,파란별 장군α,蒼星之將α,سيد نجوم لازوردي α
Dante α,ダンテα,Dante α,Dante α,Dante-Set α,Dante α,Dante α,Dantego α,Данте α,단테α,但丁α,دانتي α
Drachen α,ドラケンα,Drachen α,Drachen α,Drachenreiter-Set α,Drachen α,Drachen α,Dragoński α,Дракен α,용기사α,騰龍α,دراكين α
Sealed Eyepatch α,封印の眼帯α,Cache-œil interdit α,Benda nera α,Dichte Augenklappe α,Parche de ojo α,Tapa-olho Selado α,Zapieczętowana opaska α,Повязка с печатью α,봉인의 안대α,封印的眼罩α,رقعة عين مذهلة α
Shadow Shades α,シャドウアイα,Lunettes teintées α,Occhiali del buio α,Schatten-Sonnenbrille α,Gafas oscuras α,Ócul. Esc. Sombrios α,Okulary cienia α,Теневые очки α,섀도우아이α,墨鏡α,ألوان ظلال α
Kulu-Ya-Ku Head α,クルルフェイクα,Tête Kulu-Ya-Ku α,Testa di Kulu-Ya-Ku α,Kulu-Ya-Ku-Kopf α,Cabeza Kulu-Ya-Ku α,Elmo Kulu-Ya-Ku α,Głowa Kulu-Ya-Ku α,Голова кулу-йа-ку α,쿠루루페이크α,扒手龍頭套α,رأس كولو-يا-كو α
Wiggler Head α,ユラユラフェイクα,Tête de tortilleur α,Testa di tremogliola α,Wackelwurm-Kopf α,Cabeza de gorgasia α,Cabeça Treme-treme α,Głowa pełzacza α,Голова ползуна α,흔들흔들 페이크α,搖曳鰻頭套α,عتاد رأس دودة ضخمة α
Bone α+,EXボーンα,Os α+,Osso α+,Knochen-Set α+,Hueso α+,Óssea α+,Kościany α+,Кость α+,EX본α,精英·骨製α,عظمي α+
Bone β+,EXボーンβ,Os β+,Osso β+,Knochen-Set β+,Hueso β+,Óssea β+,Kościany β+,Кость β+,EX본β,精英·骨製β,عظمي β+
Alloy α+,EXアロイα,Alliage α+,Lega α+,Legierungs-Set α+,Aleación α+,Liga Leve α+,Stopu α+,Литье α+,EX얼로이α,精英·合金α,خليط معدني α+
Alloy β+,EXアロイβ,Alliage β+,Lega β+,Legierungs-Set β+,Aleación β+,Liga Leve β+,Stopu β+,Литье β+,EX얼로이β,精英·合金β,خليط معدني β+
Vespoid α+,EXランゴα,Vespoid α+,Vespoid α+,Vespoid-Set α+,Vespoid α+,Vespoidea α+,Vespoida α+,Осоид α+,EX랑고α,精英·巨蜂α,فيسبويد α+
Vespoid β+,EXランゴβ,Vespoid β+,Vespoid β+,Vespoid-Set β+,Vespoid β+,Vespoidea β+,Vespoida β+,Осоид β+,EX랑고β,精英·巨蜂β,فيسبويد β+
Hornetaur α+,EXタロスα,Hornetaur α+,Hornetaur α+,Hornetaur-Set α+,Hornetaur α+,Chifrotauro α+,Hornetaura α+,Роготавр α+,EX타로스α,精英·巨甲蟲α,هورنتور α+
Hornetaur β+,EXタロスβ,Hornetaur β+,Hornetaur β+,Hornetaur-Set β+,Hornetaur β+,Chifrotauro β+,Hornetaura β+,Роготавр β+,EX타로스β,精英·巨甲蟲β,هورنتور β+
Kestodon α+,EXケストα,Kestodon α+,Kestodon α+,Kestodon-Set α+,Kestodon α+,Kestodonte α+,Kestodona α+,Кестодон α+,EX케스토α,精英·冠突龍α,كيستودون α+
Kestodon β+,EXケストβ,Kestodon β+,Kestodon β+,Kestodon-Set β+,Kestodon β+,Kestodonte β+,Kestodona β+,Кестодон β+,EX케스토β,精英·冠突龍β,كيستودون β+
Gajau α+,EXガライーα,Gajau α+,Gajau α+,Gajau-Set α+,Gajau α+,Gajau α+,Gajau α+,Гаджау α+,EX가쟈우α,精英·咬魚α,غاجاو α+
Gajau β+,EXガライーβ,Gajau β+,Gajau β+,Gajau-Set β+,Gajau β+,Gajau β+,Gajau β+,Гаджау β+,EX가쟈우β,精英·咬魚β,غاجاو β+
Shamos α+,EXシャムα,Shamos α+,Shamos α+,Shamos-Set α+,Shamos α+,Shamos α+,Shamosa α+,Шамос α+,EX샤무α,精英·貓蜥龍α,شاموس α+
Shamos β+,EXシャムβ,Shamos β+,Shamos β+,Shamos-Set β+,Shamos β+,Shamos β+,Shamosa β+,Шамос β+,EX샤무β,精英·貓蜥龍β,شاموس β+
Gastodon α+,EXガストα,Gastodon α+,Gastodon α+,Gastodon-Set α+,Gastodon α+,Gastodonte α+,Gastodona α+,Гастодон α+,EX가스토α,精英·突擊龍α,غاستودون α+
Gastodon β+,EXガストβ,Gastodon β+,Gastodon β+,Gastodon-Set β+,Gastodon β+,Gastodonte β+,Gastodona β+,Гастодон β+,EX가스토β,精英·突擊龍β,غاستودون β+
Barnos α+,EXバルノスα,Barnos α+,Barnos α+,Barnos-Set α+,Barnos α+,Barnos α+,Barnosa α+,Барнос α+,EX바르노스α,精英·酸翼龍α,بارنوس α+
Barnos β+,EXバルノスβ,Barnos β+,Barnos β+,Barnos-Set β+,Barnos β+,Barnos β+,Barnosa β+,Барнос β+,EX바르노스β,精英·酸翼龍β,بارنوس β+
Wulg α+,EXウルグα,Wulg α+,Wulg α+,Wulg-Set α+,Wulg α+,Wulg α+,Wulga α+,Вальг α+,EX우르그α,精英·冰豺龍α,وولغ α+
Wulg β+,EXウルグβ,Wulg β+,Wulg β+,Wulg-Set β+,Wulg β+,Wulg β+,Wulga β+,Вальг β+,EX우르그β,精英·冰豺龍β,وولغ β+
Cortos α+,EXコルトスα,Cortos α+,Cortos α+,Cortos-Set α+,Kertos α+,Cortos α+,Cortosa α+,Кортос α+,EX코르토스α,精英·冬翼龍α,كورتوس α+
Cortos β+,EXコルトスβ,Cortos β+,Cortos β+,Cortos-Set β+,Kertos β+,Cortos β+,Cortosa β+,Кортос β+,EX코르토스β,精英·冬翼龍β,كورتوس β+
Jagras α+,EXジャグラスα,Jagras α+,Jagras α+,Jagras-Set α+,Jagras α+,Jagras α+,Jagrasa α+,Яграс α+,EX쟈그라스α,精英·凶豺龍α,جاغراس α+
Jagras β+,EXジャグラスβ,Jagras β+,Jagras β+,Jagras-Set β+,Jagras β+,Jagras β+,Jagrasa β+,Яграс β+,EX쟈그라스β,精英·凶豺龍β,جاغراس β+
Tzitzi α+,EXツィツィα,Tzitzi-Ya-Ku α+,Tzitzi α+,Tzitzi-Set α+,Tzitzi α+,Tzitzi α+,Tzitzi α+,Цици α+,EX치치α,精英·眩鳥α,تسيتسي α+
Tzitzi β+,EXツィツィβ,Tzitzi-Ya-Ku β+,Tzitzi β+,Tzitzi-Set β+,Tzitzi β+,Tzitzi β+,Tzitzi β+,Цици β+,EX치치β,精英·眩鳥β,تسيتسي β+
Girros α+,EXギルオスα,Girros α+,Girros α+,Girros-Set α+,Girros α+,Girros α+,Girrosa α+,Гиррос α+,EX기르오스α,精英·凶顎龍α,غيروس α+
Girros β+,EXギルオスβ,Girros β+,Girros β+,Girros-Set β+,Girros β+,Girros β+,Girrosa β+,Гиррос β+,EX기르오스β,精英·凶顎龍β,غيروس β+
Dodogama α+,EXガマルα,Dodogama α+,Dodogama α+,Dodogama-Set α+,Dodogama α+,Dodogama α+,Dodogamy α+,Додогама α+,EX가마루α,精英·岩賊龍α,دودوغما α+
Dodogama β+,EXガマルβ,Dodogama β+,Dodogama β+,Dodogama-Set β+,Dodogama β+,Dodogama β+,Dodogamy β+,Додогама β+,EX가마루β,精英·岩賊龍β,دودوغما β+
Kulu α+,EXクルルα,Kulu-Ya-Ku α+,Kulu α+,Kulu-Set α+,Kulu α+,Kulu α+,Kulu α+,Кулу α+,EX쿠루루α,精英·搔鳥α,كولو α+
Kulu β+,EXクルルβ,Kulu-Ya-Ku β+,Kulu β+,Kulu-Set β+,Kulu β+,Kulu β+,Kulu β+,Кулу β+,EX쿠루루β,精英·搔鳥β,كولو β+
Pukei α+,EXプケプケα,Pukei-Pukei α+,Pukei α+,Pukei-Set α+,Pukei α+,Pukei α+,Pukei α+,Поки α+,EX푸케푸케α,精英·毒妖鳥α,بوكي α+
Pukei β+,EXプケプケβ,Pukei-Pukei β+,Pukei β+,Pukei-Set β+,Pukei β+,Pukei β+,Pukei β+,Поки β+,EX푸케푸케β,精英·毒妖鳥β,بوكي β+
Coral Pukei α+,EXプケラグーナα,Pukei Corail α+,Pukei corallino α+,Korallen-Set α+,Coralino α+,Pukei Coralino α+,Koralowego Pukei α+,Коралловый поки α+,EX푸케라그나α,精英·妖水α,بوكي مرجاني α+
Coral Pukei β+,EXプケラグーナβ,Pukei Corail β+,Pukei corallino β+,Korallen-Set β+,Coralino β+,Pukei Coralino β+,Koralowego Pukei β+,Коралловый поки β+,EX푸케라그나β,精英·妖水β,بوكي مرجاني β+
Barroth α+,EXボロスα,Barroth α+,Barroth α+,Barroth-Set α+,Barroth α+,Barroth α+,Barrotha α+,Баррот α+,EX보로스α,精英·土砂龍α,باروث α+
Barroth β+,EXボロスβ,Barroth β+,Barroth β+,Barroth-Set β+,Barroth β+,Barroth β+,Barrotha β+,Баррот β+,EX보로스β,精英·土砂龍β,باروث β+
Jyura α+,EXジュラα,Jyuratodus α+,Jyura α+,Jyuratodus-Set α+,Jyura α+,Jyura α+,Jyura α+,Юратод α+,EX쥬라α,精英·泥魚龍α,جيورا α+
Jyura β+,EXジュラβ,Jyuratodus β+,Jyura β+,Jyuratodus-Set β+,Jyura β+,Jyura β+,Jyura β+,Юратод β+,EX쥬라β,精英·泥魚龍β,جيورا β+
Beo α+,EXブランα,Beotodus α+,Beo α+,Beo-Set α+,Beo α+,Beo α+,Beo α+,Бео α+,EX브란α,精英·冰魚龍α,بيو α+
Beo β+,EXブランβ,Beotodus β+,Beo β+,Beo-Set β+,Beo β+,Beo β+,Beo β+,Бео β+,EX브란β,精英·冰魚龍β,بيو β+
Kadachi α+,EXカガチα,Tobi-Kadachi α+,Kadachi α+,Kadachi-Set α+,Kadachi α+,Kadachi α+,Kadachi α+,Кадачи α+,EX카가치α,精英·飛雷龍α,كاداتشي α+
Kadachi β+,EXカガチβ,Tobi-Kadachi β+,Kadachi β+,Kadachi-Set β+,Kadachi β+,Kadachi β+,Kadachi β+,Кадачи β+,EX카가치β,精英·飛雷龍β,كاداتشي β+
Viper Kadachi α+,EXベニカガチα,Kadachi vipère α+,Kadachi vipera α+,Viper-Set α+,Vípero α+,Kadachi Vípero α+,Żmijowego Kadachi α+,Аспидовый кадачи α+,EX베니카가치α,精英·朱毒α,كاداتشي ثعباني α+
Viper Kadachi β+,EXベニカガチβ,Kadachi vipère β+,Kadachi vipera β+,Viper-Set β+,Vípero β+,Kadachi Vípero β+,Żmijowego Kadachi β+,Аспидовый кадачи β+,EX베니카가치β,精英·朱毒β,كاداتشي ثعباني β+
High Metal α+,EXハイメタα,Haut-métal α+,Ipermetallo α+,Hochmetall-Set α+,Megametal α+,Metal Denso α+,Metalu α+,Высший металл α+,EX하이메탈α,精英·礦石α,معدن قوي α+
High Metal β+,EXハイメタβ,Haut-métal β+,Ipermetallo β+,Hochmetall-Set β+,Megametal β+,Metal Denso β+,Metalu β+,Высший металл β+,EX하이메탈β,精英·礦石β,معدن قوي β+
Banbaro α+,EXバフバロα,Banbaro α+,Banbaro α+,Banbaro-Set α+,Banbaro α+,Banbaro α+,Banbaro α+,Банбаро α+,EX버프바로α,精英·猛牛龍α,بنبارو α+
Banbaro β+,EXバフバロβ,Banbaro β+,Banbaro β+,Banbaro-Set β+,Banbaro β+,Banbaro β+,Banbaro β+,Банбаро β+,EX버프바로β,精英·猛牛龍β,بنبارو β+
Anja α+,EXジャナフα,Anjanath α+,Anja α+,Anjanath-Set α+,Anja α+,Anja α+,Anja α+,Анджи α+,EX쟈나프α,精英·蠻顎龍α,أنجا α+
Anja β+,EXジャナフβ,Anjanath β+,Anja β+,Anjanath-Set β+,Anja β+,Anja β+,Anja β+,Анджи β+,EX쟈나프β,精英·蠻顎龍β,أنجا β+
Fulgur Anja α+,EXジャナールα,Anjanath tonnerre α,Anja tonante α+,Fulgur-Set α+,Fulgúreo α+,Anjanath Fulgurante α+,Piorunowego Anja α+,Гром. аньянат α+,EX쟈나르α,精英·雷顎α,أنجا رعدي α+
Fulgur Anja β+,EXジャナールβ,Anjanath tonnerre β,Anja tonante β+,Fulgur-Set β+,Fulgúreo β+,Anjanath Fulgurante β+,Piorunowego Anja β+,Гром. аньянат β+,EX쟈나르β,精英·雷顎β,أنجا رعدي β+
Rathian α+,EXレイアα,Rathian α+,Rathian α+,Rathian-Set α+,Rathian α+,Rathian α+,Rathiany α+,Ратиана α+,EX레이아α,精英·雌火龍α,راثيان α+
Rathian β+,EXレイアβ,Rathian β+,Rathian β+,Rathian-Set β+,Rathian β+,Rathian β+,Rathiany β+,Ратиана β+,EX레이아β,精英·雌火龍β,راثيان β+
Rath Heart α+,EXリオハートα,Cœur Rathian α+,Cuore di Rath α+,Rathianherz-Set α+,Corazón Rath α+,Coração Rath α+,Serce Ratha α+,Сердце рат α+,EX리오하트α,精英·火龍心α,قلب راث α+
Rath Heart β+,EXリオハートβ,Cœur Rathian β+,Cuore di Rath β+,Rathianherz-Set β+,Corazón Rath β+,Coração Rath β+,Serce Ratha β+,Сердце рат β+,EX리오하트β,精英·火龍心β,قلب راث β+
Lumu α+,EXウルムーα,Paolumu α+,Lumu α+,Paolumu-Set α+,Lumu α+,Lumu α+,Lumu α+,Луму α+,EX우르무α,精英·浮空龍α,لومو α+
Lumu β+,EXウルムーβ,Paolumu β+,Lumu β+,Paolumu-Set β+,Lumu β+,Lumu β+,Lumu β+,Луму β+,EX우르무β,精英·浮空龍β,لومو β+
Lumu Phantasm α+,EXウルムメアα,Paolumu belladone α+,Lumu onirico α+,Nachtschatten-Set α+,Fantasmal α+,Ilusão Lumu α+,Fantazmat Lumu α+,Фантазм луму α+,EX우르무메어α,精英·浮夢α,طيف لومو α+
Lumu Phantasm β+,EXウルムメアβ,Paolumu belladone β+,Lumu onirico β+,Nachtschatten-Set β+,Fantasmal β+,Ilusão Lumu β+,Fantazmat Lumu β+,Фантазм луму β+,EX우르무메어β,精英·浮夢β,طيف لومو β+
Baan α+,EXバルキンα,Radobaan α+,Baan α+,Baan-Set α+,Baan α+,Baan α+,Baana α+,Баан α+,EX발킨α,精英·骨鎚龍α,بان α+
Baan β+,EXバルキンβ,Radobaan β+,Baan β+,Baan-Set β+,Baan β+,Baan β+,Baana β+,Баан β+,EX발킨β,精英·骨鎚龍β,بان β+
Artian α+,EXアーティアα,Artian α+,Artian α+,Artian-Set α+,Artiano α+,Artian α+,Artianu α+,Артиан α+,EX아티어α,精英·機械α,القطعة الفنية α+
Artian β+,EXアーティアβ,Artian β+,Artian β+,Artian-Set β+,Artiano β+,Artian β+,Artianu β+,Артиан β+,EX아티어β,精英·機械β,القطعة الفنية β+
Clockwork α+,EXアークロックα,Steampunk α+,Vapore α+,Steampunk-Set α+,Mecánico α+,Mecânico α+,Zegarowy α+,Часовые α+,EX아크로크α,精英·蒸汽貴族α,تروس α+
Clockwork β+,EXアークロックβ,Steampunk β+,Vapore β+,Steampunk-Set β+,Mecánico β+,Mecânico β+,Zegarowy β+,Часовые β+,EX아크로크β,精英·蒸汽貴族β,تروس β+
Ingot α+,EXインゴットα,Lingot α+,Lingotto α+,Guss-Set α+,Lingotes α+,Lingote α+,Sztabek α+,Драгоценность α+,EX잉곳α,精英·鑄鐵α,إنغوت α+
Ingot β+,EXインゴットβ,Lingot β+,Lingotto β+,Guss-Set β+,Lingotes β+,Lingote β+,Sztabek β+,Драгоценность β+,EX잉곳β,精英·鑄鐵β,إنغوت β+
Barioth α+,EXベリオα,Barioth α+,Barioth α+,Barioth-Set α+,Barioth α+,Barioth α+,Bariotha α+,Бариот α+,EX벨리오α,精英·冰牙龍α,باريوث α+
Barioth β+,EXベリオβ,Barioth β+,Barioth β+,Barioth-Set β+,Barioth β+,Barioth β+,Bariotha β+,Бариот β+,EX벨리오β,精英·冰牙龍β,باريوث β+
Rathalos α+,EXレウスα,Rathalos α+,Rathalos α+,Rathalos-Set α+,Rathalos α+,Rathalos α+,Rathalosa α+,Раталос α+,EX레우스α,精英·火龍α,راذالوس α+
Rathalos β+,EXレウスβ,Rathalos β+,Rathalos β+,Rathalos-Set β+,Rathalos β+,Rathalos β+,Rathalosa β+,Раталос β+,EX레우스β,精英·火龍β,راذالوس β+
Rath Soul α+,EXリオソウルα,Âme Rathalos α+,Anima di Rath α+,Rathalosseelen-Set α+,Alma Rath α+,Alma de Rath α+,Duszy Ratha α+,Душа рат α+,EX리오소울α,精英·火龍魂α,روح راث α+
Rath Soul β+,EXリオソウルβ,Âme Rathalos β+,Anima di Rath β+,Rathalosseelen-Set β+,Alma Rath β+,Alma de Rath β+,Duszy Ratha β+,Душа рат β+,EX리오소울β,精英·火龍魂β,روح راث β+
Diablos α+,EXディアブロα,Diablos α+,Diablos α+,Diablos-Set α+,Diablos α+,Diablos α+,Diablosa α+,Диаблос α+,EX디아블로α,精英·角龍α,ديابلوس α+
Diablos β+,EXディアブロβ,Diablos β+,Diablos β+,Diablos-Set β+,Diablos β+,Diablos β+,Diablosa β+,Диаблос β+,EX디아블로β,精英·角龍β,ديابلوس β+
Diablos Nero α+,EXディアネロα,Diablos noire α+,Diablos nera α+,Diablos-Nero-Set α+,Diablos Negra α+,Diablos Negra α+,Czarnej Diabli α+,Жуткая диаблос α+,EX디아네로α,精英·暴君角龍α,نيرو ديابلوس α+
Diablos Nero β+,EXディアネロβ,Diablos noire β+,Diablos nera β+,Diablos-Nero-Set β+,Diablos Negra β+,Diablos Negra β+,Czarnej Diabli β+,Жуткая диаблос β+,EX디아네로β,精英·暴君角龍β,ديابلوس سوداء β+
Legiana α+,EXギエナα,Legiana α+,Legiana α+,Legiana-Set α+,Legiana α+,Legiana α+,Legiany α+,Легиана α+,EX기에나α,精英·風漂龍α,ليغيانا α+
Legiana β+,EXギエナβ,Legiana β+,Legiana β+,Legiana-Set β+,Legiana β+,Legiana β+,Legiany β+,Легиана β+,EX기에나β,精英·風漂龍β,ليغيانا β+
Shrieking Legia α+,EXブリーナα,Legiana blizzard α+,Legiana glaciale α+,Schneesturm-Set α+,Aullador α+,Legia Estridente α+,Wrzeszczącej Legii α+,Визжащая легиана α+,EX브리나α,精英·霜漂α,ليغيانا الصارخ α+
Shrieking Legia β+,EXブリーナβ,Legiana blizzard β+,Legiana glaciale β+,Schneesturm-Set β+,Aullador β+,Legia Estridente β+,Wrzeszczącej Legii β+,Визжащая легиана β+,EX브리나β,精英·霜漂β,ليغيانا الصارخ β+
Odogaron α+,EXガロンα,Odogaron α+,Odogaron α+,Odogaron-Set α+,Odogaron α+,Odogaron α+,Odogarona α+,Одогарон α+,EX가론α,精英·慘爪α,أودوغارون α+
Odogaron β+,EXガロンβ,Odogaron β+,Odogaron β+,Odogaron-Set β+,Odogaron β+,Odogaron β+,Odogarona β+,Одогарон β+,EX가론β,精英·慘爪β,أودوغارون β+
Death Garon α+,EXデスガロンα,Odogaron désastre α+,Odogaron d'ebano α+,Vulkan-Set α+,Ébano α+,Garon Mortal α+,Garona Śmierci α+,Смертельный гарон α+,EX데스가론α,精英·亡爪α,غارون الموت α+
Death Garon β+,EXデスガロンβ,Odogaron désastre β+,Odogaron d'ebano β+,Vulkan-Set β+,Ébano β+,Garon Mortal β+,Garona Śmierci β+,Смертельный гарон β+,EX데스가론β,精英·亡爪β,غارون الموت β+
Lavasioth α+,EXラヴァα,Lavasioth α+,Lavasioth α+,Lavasioth-Set α+,Lavasioth α+,Lavasioth α+,Lavasiotha α+,Лавасиот α+,EX라바α,精英·熔岩龍α,لافاسيوث α+
Lavasioth β+,EXラヴァβ,Lavasioth β+,Lavasioth β+,Lavasioth-Set β+,Lavasioth β+,Lavasioth β+,Lavasiotha β+,Лавасиот β+,EX라바β,精英·熔岩龍β,لافاسيوث β+
Uragaan α+,EXガンキンα,Uragaan α+,Uragaan α+,Uragaan-Set α+,Uragaan α+,Uragaan α+,Uragaana α+,Урагаан α+,EX간킨α,精英·爆鎚龍α,أوراغان α+
Uragaan β+,EXガンキンβ,Uragaan β+,Uragaan β+,Uragaan-Set β+,Uragaan β+,Uragaan β+,Uragaana β+,Урагаан β+,EX간킨β,精英·爆鎚龍β,أوراغان β+
Nargacuga α+,EXナルガα,Nargacuga α+,Nargacuga α+,Nargacuga-Set α+,Nargacuga α+,Nargacuga α+,Nargacuga α+,Наргакуга α+,EX나르가α,精英·迅龍α,نارغاكوغا α+
Nargacuga β+,EXナルガβ,Nargacuga β+,Nargacuga β+,Nargacuga-Set β+,Nargacuga β+,Nargacuga β+,Nargacuga β+,Наргакуга β+,EX나르가β,精英·迅龍β,نارغاكوغا β+
Glavenus α+,EXディノα,Glavenus α+,Glavenus α+,Glavenus-Set α+,Glavenus α+,Glavenus α+,Glavenusa α+,Главенус α+,EX디노α,精英·斬龍α,غلافنيوس α+
Glavenus β+,EXディノβ,Glavenus β+,Glavenus β+,Glavenus-Set β+,Glavenus β+,Glavenus β+,Glavenusa β+,Главенус β+,EX디노β,精英·斬龍β,غلافنيوس β+
Acidic Glavenus α+,EXディノイエロα,Glavenus acide α+,Glavenus caustico α+,Säure-Set α+,Acídico α+,Glavenus Ácido α+,Kwasowego Glavenusa α+,Кислотный главенус α+,EX디노이에로α,精英·斬黃α,غلافنيوس حمضي α+
Acidic Glavenus β+,EXディノイエロβ,Glavenus acide β+,Glavenus caustico β+,Säure-Set β+,Acídico β+,Glavenus Ácido β+,Kwasowego Glavenusa β+,Кислотный главенус β+,EX디노이에로β,精英·斬黃β,غلافنيوس حمضي β+
Brachydios α+,EXブラキα,Brachydios α+,Brachydios α+,Brachydios-Set α+,Brachydios α+,Brachydios α+,Brachydiosa α+,Брахидиос α+,EX브라키α,精英·碎龍α,براكيديوس α+
Brachydios β+,EXブラキβ,Brachydios β+,Brachydios β+,Brachydios-Set β+,Brachydios β+,Brachydios β+,Brachydiosa β+,Брахидиос β+,EX브라키β,精英·碎龍β,براكيديوس β+
Tigrex α+,EXレックスα,Tigrex α+,Tigrex α+,Tigrex-Set α+,Tigrex α+,Tigrex α+,Tigrexa α+,Тигрекс α+,EX렉스α,精英·轟龍α,تغريكس α+
Tigrex β+,EXレックスβ,Tigrex β+,Tigrex β+,Tigrex-Set β+,Tigrex β+,Tigrex β+,Tigrexa β+,Тигрекс β+,EX렉스β,精英·轟龍β,تغريكس β+
Brute Tigrex α+,EXレックスロアα,Tigrex berserk α+,Tigrex brutale α+,Brachial-Set α+,Pardo α+,Tigrex Bruto α+,Zwalistego Tigrexa α+,Свирепый тигрекс α+,EX렉스로어α,精英·轟吼α,تغريكس غاشم α+
Brute Tigrex β+,EXレックスロアβ,Tigrex berserk β+,Tigrex brutale β+,Brachial-Set β+,Pardo β+,Tigrex Bruto β+,Zwalistego Tigrexa β+,Свирепый тигрекс β+,EX렉스로어β,精英·轟吼β,تغريكس غاشم β+
Black Belt α+,EXクロオビα,Ceinture noire α+,Cintura nera α+,Schwarzgurt-Set α+,Cinturón negro α+,Faixa Preta α+,Czarnego pasa α+,Черный пояс α+,EX검은띠α,精英·鬥技場獎賞１α,الحزام الأسود α+
Black Belt β+,EXクロオビβ,Ceinture noire β+,Cintura nera β+,Schwarzgurt-Set β+,Cinturón negro β+,Faixa Preta β+,Czarnego pasa β+,Черный пояс β+,EX검은띠β,精英·鬥技場獎賞１β,الحزام الأسود β+
Dober α+,EXドーベルα,Dober α+,Dober α+,Dober-Set α+,Dober α+,Dober α+,Dobera α+,Добер α+,EX도베르α,精英·杜賓α,دوبر α+
Dober β+,EXドーベルβ,Dober β+,Dober β+,Dober-Set β+,Dober β+,Dober β+,Dobera β+,Добер β+,EX도베르β,精英·杜賓β,دوبر β+
Damascus α+,EXダマスクα,Damascus α+,Damasco α+,Damaskus-Set α+,Damasco α+,Damascus α+,Damasceński α+,Дамаск α+,EX다마스크α,精英·大馬士革α,دمشق α+
Damascus β+,EXダマスクβ,Damascus β+,Damasco β+,Damaskus-Set β+,Damasco β+,Damascus β+,Damasceński β+,Дамаск β+,EX다마스크β,精英·大馬士革β,دمشق β+
Seething Bazel α+,EXプライドα,Bazelgeuse vulcan α+,Bazel vulcanico α+,Brodelnder-Set α+,Magma α+,Bazel Vulcânico α+,Rozzłoszczonego Bazela α+,Вспыл. базельгейс α+,EX프라이드α,精英·矜持α,بازيل متأجج α+
Seething Bazel β+,EXプライドβ,Bazelgeuse vulcan β+,Bazel vulcanico β+,Brodelnder-Set β+,Magma β+,Bazel Vulcânico β+,Rozzłoszczonego Bazela β+,Вспыл. базельгейс β+,EX프라이드β,精英·矜持β,بازيل متأجج β+
Savage Jho α+,EXグリードα,Deviljho carnage α+,Deviljho selvaggio α+,Wilder-Jho-Set α+,Salvaje α+,Jho Selvagem α+,Dzikiego Jho α+,Лютый девильо α+,EX그리드α,精英·貪欲α,ديفيلجو الهمجي α+
Savage Jho β+,EXグリードβ,Deviljho carnage β+,Deviljho selvaggio β+,Wilder-Jho-Set β+,Salvaje β+,Jho Selvagem β+,Dzikiego Jho β+,Лютый девильо β+,EX그리드β,精英·貪欲β,ديفيلجو الهمجي β+
Velkhana α+,EXラヴィーナα,Velkhana α+,Velkhana α+,Velkhana-Set α+,Velkhana α+,Velkhana α+,Velkhana α+,Велхана α+,EX라비나α,精英·雪崩α,فيلكانا α+
Velkhana β+,EXラヴィーナβ,Velkhana β+,Velkhana β+,Velkhana-Set β+,Velkhana β+,Velkhana β+,Velkhana β+,Велхана β+,EX라비나β,精英·雪崩β,فيلكانا β+
Blackveil Hazak α+,EXヴァルファーα,Vaal Hazak fléau α+,Vaal funereo α+,Velum-Set α+,Espóreo α+,Hazak Velado α+,Welonowego Vaal Hazaka α+,Тленный ваал-хазак α+,EX바르퍼α,精英·死滅α,هازاك الستار الأسود α+
Blackveil Hazak β+,EXヴァルファーβ,Vaal Hazak fléau β+,Vaal funereo β+,Velum-Set β+,Espóreo β+,Hazak Velado β+,Welonowego Vaal Hazaka β+,Тленный ваал-хазак β+,EX바르퍼β,精英·死滅β,هازاك الستار الأسود β+
Teostra α+,EXカイザーα,Kaiser α+,Kaiser α+,Kaiser-Set α+,Káiser α+,Teostra α+,Teostry α+,Теостра α+,EX카이저α,精英·帝王α,تيوسترا α+
Teostra β+,EXカイザーβ,Kaiser β+,Kaiser β+,Kaiser-Set β+,Káiser β+,Teostra β+,Teostry β+,Теостра β+,EX카이저β,精英·帝王β,تيوسترا β+
Kushala α+,EXクシャナα,Kushala Daora α+,Kushala α+,Kushala-Set α+,Kushala α+,Kushala α+,Kushali α+,Кушала α+,EX크샤나α,精英·鋼龍α,كوشالا α+
Kushala β+,EXクシャナβ,Kushala Daora β+,Kushala β+,Kushala-Set β+,Kushala β+,Kushala β+,Kushali β+,Кушала β+,EX크샤나β,精英·鋼龍β,كوشالا β+
Kirin α+,EXキリンα,Kirin α+,Kirin α+,Kirin-Set α+,Kirin α+,Kirin α+,Kirina α+,Кирин α+,EX키린α,精英·麒麟α,كيرين α+
Kirin β+,EXキリンβ,Kirin β+,Kirin β+,Kirin-Set β+,Kirin β+,Kirin β+,Kirina β+,Кирин β+,EX키린β,精英·麒麟β,كيرين β+
Namielle α+,EXテンタクルα,Namielle α+,Namielle α+,Namielle-Set α+,Namielle α+,Namielle α+,Namiella α+,Намиэль α+,EX텐터클α,精英·觸角α,ناميال α+
Namielle β+,EXテンタクルβ,Namielle β+,Namielle β+,Namielle-Set β+,Namielle β+,Namielle β+,Namiella β+,Намиэль β+,EX텐터클β,精英·觸角β,ناميال β+
Guild Palace α+,EXギルドパレスα,Palais de la Guilde α+,Palatium α+,Palast-Set α+,Triunfal α+,Palácio da Guilda α+,Pałacu Gildii α+,Гильдейский дворец α+,EX길드팰리스α,精英·公會宮殿α,قصر النقابة α+
Guild Palace β+,EXギルドパレスβ,Palais de la Guilde β+,Palatium β+,Palast-Set β+,Triunfal β+,Palácio da Guilda β+,Pałacu Gildii β+,Гильдейский дворец β+,EX길드팰리스β,精英·公會宮殿β,قصر النقابة β+
Shara Ishvalda α+,EXアンガルダα,Shara Ishvalda α+,Shara Ishvalda α+,Shara-Ishvalda-Set α+,Shara Ishvalda α+,Shara Ishvalda α+,Shar Ishvalda α+,Шара-ишвалда α+,EX안가루다α,精英·迦樓羅α,شارا إشفالدا α+
Shara Ishvalda β+,EXアンガルダβ,Shara Ishvalda β+,Shara Ishvalda β+,Shara-Ishvalda-Set β+,Shara Ishvalda β+,Shara Ishvalda β+,Shar Ishvalda β+,Шара-ишвалда β+,EX안가루다β,精英·迦樓羅β,شارا إشفالدا β+
Zorah α+,EXゾラマグナα,Zorah Magdaros α+,Zorah α+,Zorah-Set α+,Zorah α+,Zorah α+,Zoraha α+,Дзора α+,EX조라마그나α,精英·鑄島熔岩α,زوراه α+
Zorah β+,EXゾラマグナβ,Zorah Magdaros β+,Zorah β+,Zorah-Set β+,Zorah β+,Zorah β+,Zoraha β+,Дзора β+,EX조라마그나β,精英·鑄島熔岩β,زوراه β+
Yian Garuga α+,EXガルルガα,Yian Garuga α+,Yian Garuga α+,Yian-Garuga-Set α+,Yian Garuga α+,Yian Garuga α+,Yian Garugi α+,Йан-гаруга α+,EX가루루가α,精英·黑狼鳥α,إيان غاروغا α+
Yian Garuga β+,EXガルルガβ,Yian Garuga β+,Yian Garuga β+,Yian-Garuga-Set β+,Yian Garuga β+,Yian Garuga β+,Yian Garugi β+,Йан-гаруга β+,EX가루루가β,精英·黑狼鳥β,إيان غاروغا β+
Zinogre α+,EXジンオウα,Zinogre α+,Zinogre α+,Zinogre-Set α+,Zinogre α+,Zinogre α+,Zinogra α+,Зиногр α+,EX진오우α,精英·雷狼龍α,زينغر α+
Zinogre β+,EXジンオウβ,Zinogre β+,Zinogre β+,Zinogre-Set β+,Zinogre β+,Zinogre β+,Zinogra β+,Зиногр β+,EX진오우β,精英·雷狼龍β,زينغر β+
Golden Lune α+,EXゴールドルナα,Lunedor α+,Doriluna α+,Gold-Mond-Set α+,Luna dorada α+,Luna Dourada α+,Złotego księżyca α+,Золотая луна α+,EX골드루나α,精英·金黃澄月α,القمر الذهبي α+
Golden Lune β+,EXゴールドルナβ,Lunedor β+,Doriluna β+,Gold-Mond-Set β+,Luna dorada β+,Luna Dourada β+,Złotego księżyca β+,Золотая луна β+,EX골드루나β,精英·金黃澄月β,القمر الذهبي β+
Silver Sol α+,EXシルバーソルα,Solargent α+,Solargenti α+,Silber-Sonnen-Set α+,Sol plateado α+,Sol Prateada α+,Srebrnego słońca α+,Серебр. рат α+,EX실버솔α,精英·銀白耀日α,الشمس الفضية α+
Silver Sol β+,EXシルバーソルβ,Solargent β+,Solargenti β+,Silber-Sonnen-Set β+,Sol plateado β+,Sol Prateada β+,Srebrnego słońca β+,Серебр. рат β+,EX실버솔β,精英·銀白耀日β,الشمس الفضية β+
Lunastra α+,EXエンプレスα,Imperatrix α+,Imperatrice α+,Kaiserin-Set α+,Lunastra α+,Lunastra α+,Lunastry α+,Лунастра α+,EX엠프리스α,精英·皇后α,لوناسترا α+
Lunastra β+,EXエンプレスβ,Imperatrix β+,Imperatrice β+,Kaiserin-Set β+,Lunastra β+,Lunastra β+,Lunastry β+,Лунастра β+,EX엠프리스β,精英·皇后β,لوناسترا β+
Ruiner Nergi α+,EXゾークα,Nergigante chaos α+,Nergigante razziatore α+,Ruinen-Set α+,Regio α+,Nergi Ferrenho α+,Niszczycielskiego Nergi α+,Нергигант-губитель α+,EX조크α,精英·狂紋α,نيرغي المخرّب α+
Ruiner Nergi β+,EXゾークβ,Nergigante chaos β+,Nergigante razziatore β+,Ruinen-Set β+,Regio β+,Nergi Ferrenho β+,Niszczycielskiego Nergi β+,Нергигант-губитель β+,EX조크β,精英·狂紋β,نيرغي المخرّب β+
Guildwork α+,EXギルドワークα,Taverne Clair de Lune α+,Adiutor α+,Gildenuniform-Set α+,Taberna lunar α+,Guildofício α+,Gildii α+,Гильдейский α+,EX길드워크α,精英·公會成果α,عمل النقابة α+
Guildwork β+,EXギルドワークβ,Taverne Clair de Lune β+,Adiutor β+,Gildenuniform-Set β+,Taberna lunar β+,Guildofício β+,Gildii β+,Гильдейский β+,EX길드워크β,精英·公會成果β,عمل النقابة β+
Oolong α+,EXウーロンα,Oolong α+,Oolong α+,Oolong-Set α+,Feng Huo α+,Oolong α+,Oolong α+,Улун α+,EX우론α,精英‧烏龍α,أولونغ α+
Astral α+,EXアストラα,Astral α+,Astrale α+,Astral-Set α+,Astral α+,Astral α+,Gwiezdny α+,Астрал α+,EX아스트라α,精英‧阿斯特拉α,أسترال α+
Pearlspring α+,EXギンセンザルα,Singe d'argent α +,Macaco argentato α+,Perlenquell-Set α+,Termargénteo α+,Fonte-pérola α+,Perłowy α+,Жемчужный источник α+,EX은천원숭이α,精英·溫泉銀猴α,ينبوع اللؤلؤ α+
Duffel Penguin Mask α+,EXキブクレフェイクα,Masque de manchot α+,Maschera da pinguino α+,Bauschpinguin-Maske α+,Cabeza de pingüino α+,Máscara de Pinguim Felpudo α+,Maska pingwina bajowego α+,Маска пингвина-полярника α+,EX껴입기펭귄페이크α,精英‧企鵝頭套α,قناع البطريق المنفوش α+
Sealed Dragon Cloth α+,EX封印の龍骸布α,Châle-dragon interdit α+,Velo nero α+,Drachenstoff-Schal α+,Sudario de dragón α+,Tecido de Dragão Selado α+,Tkanina zapiecz. smoka α+,Ткань печати дракона α+,EX봉인의 용해포α,精英‧封印的龍骸布α,قماش التنين المختوم α+
Wyverian Ears α+,EX竜人族の耳α,Oreilles de Wyvérien α+,Orecchie wyverniane α+,Wyverianer-Ohren α+,Orejas wyverianas α+,Orelhas Serperianas α+,Wiweriańskie uszy α+,Уши виверианца α+,EX용인족의 귀α,精英‧龍人族之耳α,أذنا التنين المجنح α+
